<ImportExportXml version="9.2.25102.147" SolutionPackageVersion="9.2" languagecode="1033" generatedBy="CrmLive" xmlns:xsi="http://www.w3.org/2001/XMLSchema-instance" OrganizationVersion="9.2.25102.147" OrganizationSchemaType="Standard" CRMServerServiceabilityVersion="9.2.25102.00147">
  <SolutionManifest>
    <UniqueName>DPTCloudFlows</UniqueName>
    <LocalizedNames>
      <LocalizedName description="DPT -Cloud Flows" languagecode="1033" />
    </LocalizedNames>
    <Descriptions />
    <Version>1.0.0.2</Version>
    <Managed>1</Managed>
    <Publisher>
      <UniqueName>SGAWHAL</UniqueName>
      <LocalizedNames>
        <LocalizedName description="SGAWHAL" languagecode="1033" />
      </LocalizedNames>
      <Descriptions />
      <EMailAddress xsi:nil="true"></EMailAddress>
      <SupportingWebsiteUrl xsi:nil="true"></SupportingWebsiteUrl>
      <CustomizationPrefix>mbil</CustomizationPrefix>
      <CustomizationOptionValuePrefix>29672</CustomizationOptionValuePrefix>
      <Addresses>
        <Address>
          <AddressNumber>1</AddressNumber>
          <AddressTypeCode>1</AddressTypeCode>
          <City xsi:nil="true"></City>
          <County xsi:nil="true"></County>
          <Country xsi:nil="true"></Country>
          <Fax xsi:nil="true"></Fax>
          <FreightTermsCode xsi:nil="true"></FreightTermsCode>
          <ImportSequenceNumber xsi:nil="true"></ImportSequenceNumber>
          <Latitude xsi:nil="true"></Latitude>
          <Line1 xsi:nil="true"></Line1>
          <Line2 xsi:nil="true"></Line2>
          <Line3 xsi:nil="true"></Line3>
          <Longitude xsi:nil="true"></Longitude>
          <Name xsi:nil="true"></Name>
          <PostalCode xsi:nil="true"></PostalCode>
          <PostOfficeBox xsi:nil="true"></PostOfficeBox>
          <PrimaryContactName xsi:nil="true"></PrimaryContactName>
          <ShippingMethodCode>1</ShippingMethodCode>
          <StateOrProvince xsi:nil="true"></StateOrProvince>
          <Telephone1 xsi:nil="true"></Telephone1>
          <Telephone2 xsi:nil="true"></Telephone2>
          <Telephone3 xsi:nil="true"></Telephone3>
          <TimeZoneRuleVersionNumber xsi:nil="true"></TimeZoneRuleVersionNumber>
          <UPSZone xsi:nil="true"></UPSZone>
          <UTCOffset xsi:nil="true"></UTCOffset>
          <UTCConversionTimeZoneCode xsi:nil="true"></UTCConversionTimeZoneCode>
        </Address>
        <Address>
          <AddressNumber>2</AddressNumber>
          <AddressTypeCode>1</AddressTypeCode>
          <City xsi:nil="true"></City>
          <County xsi:nil="true"></County>
          <Country xsi:nil="true"></Country>
          <Fax xsi:nil="true"></Fax>
          <FreightTermsCode xsi:nil="true"></FreightTermsCode>
          <ImportSequenceNumber xsi:nil="true"></ImportSequenceNumber>
          <Latitude xsi:nil="true"></Latitude>
          <Line1 xsi:nil="true"></Line1>
          <Line2 xsi:nil="true"></Line2>
          <Line3 xsi:nil="true"></Line3>
          <Longitude xsi:nil="true"></Longitude>
          <Name xsi:nil="true"></Name>
          <PostalCode xsi:nil="true"></PostalCode>
          <PostOfficeBox xsi:nil="true"></PostOfficeBox>
          <PrimaryContactName xsi:nil="true"></PrimaryContactName>
          <ShippingMethodCode>1</ShippingMethodCode>
          <StateOrProvince xsi:nil="true"></StateOrProvince>
          <Telephone1 xsi:nil="true"></Telephone1>
          <Telephone2 xsi:nil="true"></Telephone2>
          <Telephone3 xsi:nil="true"></Telephone3>
          <TimeZoneRuleVersionNumber xsi:nil="true"></TimeZoneRuleVersionNumber>
          <UPSZone xsi:nil="true"></UPSZone>
          <UTCOffset xsi:nil="true"></UTCOffset>
          <UTCConversionTimeZoneCode xsi:nil="true"></UTCConversionTimeZoneCode>
        </Address>
      </Addresses>
    </Publisher>
    <RootComponents>
      <RootComponent type="1" schemaName="cr61b_powerautomateusecases" behavior="0" />
      <RootComponent type="1" schemaName="cr7f1_masterdata" behavior="0" />
      <RootComponent type="1" schemaName="mbaup_usecasereview" behavior="0" />
      <RootComponent type="9" schemaName="cr61b_applicationscope" behavior="0" />
      <RootComponent type="9" schemaName="cr61b_crosslegalentityscope" behavior="0" />
      <RootComponent type="9" schemaName="cr61b_solutiontype" behavior="0" />
      <RootComponent type="9" schemaName="mbaup_choice" behavior="0" />
      <RootComponent type="9" schemaName="mbaup_decision" behavior="0" />
      <RootComponent type="9" schemaName="mbaup_financialbenefits" behavior="0" />
      <RootComponent type="9" schemaName="mbaup_percentage" behavior="0" />
      <RootComponent type="9" schemaName="mbaup_quantifiablemeasure" behavior="0" />
      <RootComponent type="9" schemaName="mbaup_timesavings" behavior="0" />
      <RootComponent type="20" id="{1ce3f904-ef7a-ef11-ac21-000d3a81d7b4}" behavior="0" />
      <RootComponent type="20" id="{6f67e647-8279-ef11-ac21-00224816d39e}" behavior="0" />
      <RootComponent type="29" id="{69026bdd-2b7a-ef11-ac20-002248ed08bd}" behavior="0" />
      <RootComponent type="29" id="{842b12b2-657e-f011-b4cc-0022485b8f3a}" behavior="0" />
      <RootComponent type="29" id="{cdb8b0b2-657e-f011-b4cb-0022485b80bd}" behavior="0" />
      <RootComponent type="61" schemaName="mbaup_Formswitch" behavior="0" />
      <RootComponent type="61" schemaName="mbaup_formSwitcher" behavior="0" />
      <RootComponent type="61" schemaName="mbaup_formswitchonload" behavior="0" />
      <RootComponent type="61" schemaName="mbaup_switchform" behavior="0" />
    </RootComponents>
    <MissingDependencies>
      <MissingDependency>
        <Required type="1" schemaName="cr61b_powerautomateusecases" displayName="Auto Mate" solution="PowerAutomateUseCases (1.1.0.1)" />
        <Dependent type="1" schemaName="cr61b_powerautomateusecases" displayName="Auto Mate" />
      </MissingDependency>
      <MissingDependency>
        <Required type="1" schemaName="cr7f1_masterdata" displayName="Master Data" solution="PowerAutomateUseCases (1.1.0.1)" />
        <Dependent type="1" schemaName="cr7f1_masterdata" displayName="Master Data" />
      </MissingDependency>
      <MissingDependency>
        <Required type="1" schemaName="mbaup_usecasereview" displayName="Usecase Review" solution="PowerAutomateUseCases (1.1.0.1)" />
        <Dependent type="1" schemaName="mbaup_usecasereview" displayName="Usecase Review" />
      </MissingDependency>
      <MissingDependency>
        <Required type="10" schemaName="bpf_cr61b_powerautomateusecases_mbaup_usecasereview" displayName="bpf_cr61b_powerautomateusecases_mbaup_usecasereview" parentSchemaName="cr61b_powerautomateusecases" parentDisplayName="Auto Mate" solution="PowerAutomateUseCases (1.1.0.1)" />
        <Dependent type="10" schemaName="bpf_cr61b_powerautomateusecases_mbaup_usecasereview" displayName="bpf_cr61b_powerautomateusecases_mbaup_usecasereview" parentSchemaName="cr61b_powerautomateusecases" parentDisplayName="Auto Mate" />
      </MissingDependency>
      <MissingDependency>
        <Required type="10" schemaName="mbaup_cr61b_PowerAutomateUseCases_MasterDataDisplaylookup_cr7f1_MasterData" displayName="mbaup_cr61b_PowerAutomateUseCases_MasterDataDisplaylookup_cr7f1_MasterData" parentSchemaName="cr61b_powerautomateusecases" parentDisplayName="Auto Mate" solution="PowerAutomateUseCases (1.1.0.1)" />
        <Dependent type="10" schemaName="mbaup_cr61b_PowerAutomateUseCases_MasterDataDisplaylookup_cr7f1_MasterData" displayName="mbaup_cr61b_PowerAutomateUseCases_MasterDataDisplaylookup_cr7f1_MasterData" parentSchemaName="cr61b_powerautomateusecases" parentDisplayName="Auto Mate" />
      </MissingDependency>
      <MissingDependency>
        <Required type="10" schemaName="mbaup_cr61b_powerautomateusecases_UserDepartment_cr7f1_masterdata" displayName="mbaup_cr61b_powerautomateusecases_UserDepartment_cr7f1_masterdata" parentSchemaName="cr7f1_masterdata" parentDisplayName="Master Data" solution="PowerAutomateUseCases (1.1.0.1)" />
        <Dependent type="10" schemaName="mbaup_cr61b_powerautomateusecases_UserDepartment_cr7f1_masterdata" displayName="mbaup_cr61b_powerautomateusecases_UserDepartment_cr7f1_masterdata" parentSchemaName="cr7f1_masterdata" parentDisplayName="Master Data" />
      </MissingDependency>
      <MissingDependency>
        <Required type="10" schemaName="mbaup_cr61b_powerautomateusecases_Initiator_systemuser" displayName="mbaup_cr61b_powerautomateusecases_Initiator_systemuser" parentSchemaName="systemuser" parentDisplayName="User" solution="PowerAutomateUseCases (1.1.0.1)" />
        <Dependent type="10" schemaName="mbaup_cr61b_powerautomateusecases_Initiator_systemuser" displayName="mbaup_cr61b_powerautomateusecases_Initiator_systemuser" parentSchemaName="systemuser" parentDisplayName="User" />
      </MissingDependency>
      <MissingDependency>
        <Required type="2" schemaName="cr61b_applicationscope" displayName="Application Scope" parentSchemaName="cr61b_powerautomateusecases" parentDisplayName="Auto Mate" solution="PowerAutomateUseCases (1.1.0.1)" />
        <Dependent type="2" schemaName="cr61b_applicationscope" displayName="Application Scope" parentSchemaName="cr61b_powerautomateusecases" parentDisplayName="Auto Mate" />
      </MissingDependency>
      <MissingDependency>
        <Required type="2" schemaName="cr61b_applicationsselected" displayName="ApplicationsSelected" parentSchemaName="cr61b_powerautomateusecases" parentDisplayName="Auto Mate" solution="PowerAutomateUseCases (1.1.0.1)" />
        <Dependent type="2" schemaName="cr61b_applicationsselected" displayName="ApplicationsSelected" parentSchemaName="cr61b_powerautomateusecases" parentDisplayName="Auto Mate" />
      </MissingDependency>
      <MissingDependency>
        <Required type="2" schemaName="cr61b_automationsteps" displayName="Automation Steps" parentSchemaName="cr61b_powerautomateusecases" parentDisplayName="Auto Mate" solution="PowerAutomateUseCases (1.1.0.1)" />
        <Dependent type="2" schemaName="cr61b_automationsteps" displayName="Automation Steps" parentSchemaName="cr61b_powerautomateusecases" parentDisplayName="Auto Mate" />
      </MissingDependency>
      <MissingDependency>
        <Required type="2" schemaName="cr61b_businesspurpose" displayName="Business Purpose" parentSchemaName="cr61b_powerautomateusecases" parentDisplayName="Auto Mate" solution="PowerAutomateUseCases (1.1.0.1)" />
        <Dependent type="2" schemaName="cr61b_businesspurpose" displayName="Business Purpose" parentSchemaName="cr61b_powerautomateusecases" parentDisplayName="Auto Mate" />
      </MissingDependency>
      <MissingDependency>
        <Required type="2" schemaName="cr61b_businessstrategy" displayName="Business Value" parentSchemaName="cr61b_powerautomateusecases" parentDisplayName="Auto Mate" solution="PowerAutomateUseCases (1.1.0.1)" />
        <Dependent type="2" schemaName="cr61b_businessstrategy" displayName="Business Value" parentSchemaName="cr61b_powerautomateusecases" parentDisplayName="Auto Mate" />
      </MissingDependency>
      <MissingDependency>
        <Required type="2" schemaName="cr61b_costsavings" displayName="CostSavings" parentSchemaName="cr61b_powerautomateusecases" parentDisplayName="Auto Mate" solution="PowerAutomateUseCases (1.1.0.1)" />
        <Dependent type="2" schemaName="cr61b_costsavings" displayName="CostSavings" parentSchemaName="cr61b_powerautomateusecases" parentDisplayName="Auto Mate" />
      </MissingDependency>
      <MissingDependency>
        <Required type="2" schemaName="cr61b_costsavings_base" displayName="CostSavings (Base)" parentSchemaName="cr61b_powerautomateusecases" parentDisplayName="Auto Mate" solution="PowerAutomateUseCases (1.1.0.1)" />
        <Dependent type="2" schemaName="cr61b_costsavings_base" displayName="CostSavings (Base)" parentSchemaName="cr61b_powerautomateusecases" parentDisplayName="Auto Mate" />
      </MissingDependency>
      <MissingDependency>
        <Required type="2" schemaName="cr61b_decision" displayName="Decision" parentSchemaName="cr61b_powerautomateusecases" parentDisplayName="Auto Mate" solution="PowerAutomateUseCases (1.1.0.1)" />
        <Dependent type="2" schemaName="cr61b_decision" displayName="Decision" parentSchemaName="cr61b_powerautomateusecases" parentDisplayName="Auto Mate" />
      </MissingDependency>
      <MissingDependency>
        <Required type="2" schemaName="cr61b_department" displayName="Department" parentSchemaName="cr61b_powerautomateusecases" parentDisplayName="Auto Mate" solution="PowerAutomateUseCases (1.1.0.1)" />
        <Dependent type="2" schemaName="cr61b_department" displayName="Department" parentSchemaName="cr61b_powerautomateusecases" parentDisplayName="Auto Mate" />
      </MissingDependency>
      <MissingDependency>
        <Required type="2" schemaName="cr61b_developmentcosts" displayName="Development Costs" parentSchemaName="cr61b_powerautomateusecases" parentDisplayName="Auto Mate" solution="PowerAutomateUseCases (1.1.0.1)" />
        <Dependent type="2" schemaName="cr61b_developmentcosts" displayName="Development Costs" parentSchemaName="cr61b_powerautomateusecases" parentDisplayName="Auto Mate" />
      </MissingDependency>
      <MissingDependency>
        <Required type="2" schemaName="cr61b_developmentcosts_base" displayName="Development Costs (Base)" parentSchemaName="cr61b_powerautomateusecases" parentDisplayName="Auto Mate" solution="PowerAutomateUseCases (1.1.0.1)" />
        <Dependent type="2" schemaName="cr61b_developmentcosts_base" displayName="Development Costs (Base)" parentSchemaName="cr61b_powerautomateusecases" parentDisplayName="Auto Mate" />
      </MissingDependency>
      <MissingDependency>
        <Required type="2" schemaName="cr61b_fteneededforrework" displayName="FTE Needed for Rework" parentSchemaName="cr61b_powerautomateusecases" parentDisplayName="Auto Mate" solution="PowerAutomateUseCases (1.1.0.1)" />
        <Dependent type="2" schemaName="cr61b_fteneededforrework" displayName="FTE Needed for Rework" parentSchemaName="cr61b_powerautomateusecases" parentDisplayName="Auto Mate" />
      </MissingDependency>
      <MissingDependency>
        <Required type="2" schemaName="cr61b_infrastructuredependency" displayName="Infrastructure Dependency" parentSchemaName="cr61b_powerautomateusecases" parentDisplayName="Auto Mate" solution="PowerAutomateUseCases (1.1.0.1)" />
        <Dependent type="2" schemaName="cr61b_infrastructuredependency" displayName="Infrastructure Dependency" parentSchemaName="cr61b_powerautomateusecases" parentDisplayName="Auto Mate" />
      </MissingDependency>
      <MissingDependency>
        <Required type="2" schemaName="cr61b_jobduration" displayName="JobDuration" parentSchemaName="cr61b_powerautomateusecases" parentDisplayName="Auto Mate" solution="PowerAutomateUseCases (1.1.0.1)" />
        <Dependent type="2" schemaName="cr61b_jobduration" displayName="JobDuration" parentSchemaName="cr61b_powerautomateusecases" parentDisplayName="Auto Mate" />
      </MissingDependency>
      <MissingDependency>
        <Required type="2" schemaName="cr61b_newcolumn" displayName="Use Case" parentSchemaName="cr61b_powerautomateusecases" parentDisplayName="Auto Mate" solution="PowerAutomateUseCases (1.1.0.1)" />
        <Dependent type="2" schemaName="cr61b_newcolumn" displayName="Use Case" parentSchemaName="cr61b_powerautomateusecases" parentDisplayName="Auto Mate" />
      </MissingDependency>
      <MissingDependency>
        <Required type="2" schemaName="cr61b_powerautomateusecasesid" displayName="Power Automate Use Cases" parentSchemaName="cr61b_powerautomateusecases" parentDisplayName="Auto Mate" solution="PowerAutomateUseCases (1.1.0.1)" />
        <Dependent type="2" schemaName="cr61b_powerautomateusecasesid" displayName="Power Automate Use Cases" parentSchemaName="cr61b_powerautomateusecases" parentDisplayName="Auto Mate" />
      </MissingDependency>
      <MissingDependency>
        <Required type="2" schemaName="cr61b_processchallenges" displayName="Process Challenges" parentSchemaName="cr61b_powerautomateusecases" parentDisplayName="Auto Mate" solution="PowerAutomateUseCases (1.1.0.1)" />
        <Dependent type="2" schemaName="cr61b_processchallenges" displayName="Process Challenges" parentSchemaName="cr61b_powerautomateusecases" parentDisplayName="Auto Mate" />
      </MissingDependency>
      <MissingDependency>
        <Required type="2" schemaName="cr61b_solutiontype" displayName="Solution Type" parentSchemaName="cr61b_powerautomateusecases" parentDisplayName="Auto Mate" solution="PowerAutomateUseCases (1.1.0.1)" />
        <Dependent type="2" schemaName="cr61b_solutiontype" displayName="Solution Type" parentSchemaName="cr61b_powerautomateusecases" parentDisplayName="Auto Mate" />
      </MissingDependency>
      <MissingDependency>
        <Required type="2" schemaName="cr61b_timesaving" displayName="TimeSaving" parentSchemaName="cr61b_powerautomateusecases" parentDisplayName="Auto Mate" solution="PowerAutomateUseCases (1.1.0.1)" />
        <Dependent type="2" schemaName="cr61b_timesaving" displayName="TimeSaving" parentSchemaName="cr61b_powerautomateusecases" parentDisplayName="Auto Mate" />
      </MissingDependency>
      <MissingDependency>
        <Required type="2" schemaName="cr61b_turnaround" displayName="Turnaround" parentSchemaName="cr61b_powerautomateusecases" parentDisplayName="Auto Mate" solution="PowerAutomateUseCases (1.1.0.1)" />
        <Dependent type="2" schemaName="cr61b_turnaround" displayName="Turnaround" parentSchemaName="cr61b_powerautomateusecases" parentDisplayName="Auto Mate" />
      </MissingDependency>
      <MissingDependency>
        <Required type="2" schemaName="cr61b_usecaseid" displayName="Use Case Id" parentSchemaName="cr61b_powerautomateusecases" parentDisplayName="Auto Mate" solution="PowerAutomateUseCases (1.1.0.1)" />
        <Dependent type="2" schemaName="cr61b_usecaseid" displayName="Use Case Id" parentSchemaName="cr61b_powerautomateusecases" parentDisplayName="Auto Mate" />
      </MissingDependency>
      <MissingDependency>
        <Required type="2" schemaName="cr61b_usecasetitle" displayName="Use Case Title" parentSchemaName="cr61b_powerautomateusecases" parentDisplayName="Auto Mate" solution="PowerAutomateUseCases (1.1.0.1)" />
        <Dependent type="2" schemaName="cr61b_usecasetitle" displayName="Use Case Title" parentSchemaName="cr61b_powerautomateusecases" parentDisplayName="Auto Mate" />
      </MissingDependency>
      <MissingDependency>
        <Required type="2" schemaName="cr61b_userphotourl" displayName="Manager" parentSchemaName="cr61b_powerautomateusecases" parentDisplayName="Auto Mate" solution="PowerAutomateUseCases (1.1.0.1)" />
        <Dependent type="2" schemaName="cr61b_userphotourl" displayName="Manager" parentSchemaName="cr61b_powerautomateusecases" parentDisplayName="Auto Mate" />
      </MissingDependency>
      <MissingDependency>
        <Required type="2" schemaName="cr7f1_email" displayName="Email" parentSchemaName="cr61b_powerautomateusecases" parentDisplayName="Auto Mate" solution="PowerAutomateUseCases (1.1.0.1)" />
        <Dependent type="2" schemaName="cr7f1_email" displayName="Email" parentSchemaName="cr61b_powerautomateusecases" parentDisplayName="Auto Mate" />
      </MissingDependency>
      <MissingDependency>
        <Required type="2" schemaName="createdon" displayName="Created On" parentSchemaName="cr61b_powerautomateusecases" parentDisplayName="Auto Mate" solution="PowerAutomateUseCases (1.1.0.1)" />
        <Dependent type="2" schemaName="createdon" displayName="Created On" parentSchemaName="cr61b_powerautomateusecases" parentDisplayName="Auto Mate" />
      </MissingDependency>
      <MissingDependency>
        <Required type="2" schemaName="importsequencenumber" displayName="Import Sequence Number" parentSchemaName="cr61b_powerautomateusecases" parentDisplayName="Auto Mate" solution="PowerAutomateUseCases (1.1.0.1)" />
        <Dependent type="2" schemaName="importsequencenumber" displayName="Import Sequence Number" parentSchemaName="cr61b_powerautomateusecases" parentDisplayName="Auto Mate" />
      </MissingDependency>
      <MissingDependency>
        <Required type="2" schemaName="mbaup_acceleratedproductivity" displayName="Accelerated Productivity" parentSchemaName="cr61b_powerautomateusecases" parentDisplayName="Auto Mate" solution="PowerAutomateUseCases (1.1.0.1)" />
        <Dependent type="2" schemaName="mbaup_acceleratedproductivity" displayName="Accelerated Productivity" parentSchemaName="cr61b_powerautomateusecases" parentDisplayName="Auto Mate" />
      </MissingDependency>
      <MissingDependency>
        <Required type="2" schemaName="mbaup_actualsavings" displayName="Actual savings" parentSchemaName="cr61b_powerautomateusecases" parentDisplayName="Auto Mate" solution="PowerAutomateUseCases (1.1.0.1)" />
        <Dependent type="2" schemaName="mbaup_actualsavings" displayName="Actual savings" parentSchemaName="cr61b_powerautomateusecases" parentDisplayName="Auto Mate" />
      </MissingDependency>
      <MissingDependency>
        <Required type="2" schemaName="mbaup_approvalcomments" displayName="Approval Comments" parentSchemaName="cr61b_powerautomateusecases" parentDisplayName="Auto Mate" solution="PowerAutomateUseCases (1.1.0.1)" />
        <Dependent type="2" schemaName="mbaup_approvalcomments" displayName="Approval Comments" parentSchemaName="cr61b_powerautomateusecases" parentDisplayName="Auto Mate" />
      </MissingDependency>
      <MissingDependency>
        <Required type="2" schemaName="mbaup_businessprocess" displayName="Business Process Description" parentSchemaName="cr61b_powerautomateusecases" parentDisplayName="Auto Mate" solution="PowerAutomateUseCases (1.1.0.1)" />
        <Dependent type="2" schemaName="mbaup_businessprocess" displayName="Business Process Description" parentSchemaName="cr61b_powerautomateusecases" parentDisplayName="Auto Mate" />
      </MissingDependency>
      <MissingDependency>
        <Required type="2" schemaName="mbaup_businessvaluescore" displayName="Business Value Score" parentSchemaName="cr61b_powerautomateusecases" parentDisplayName="Auto Mate" solution="PowerAutomateUseCases (1.1.0.1)" />
        <Dependent type="2" schemaName="mbaup_businessvaluescore" displayName="Business Value Score" parentSchemaName="cr61b_powerautomateusecases" parentDisplayName="Auto Mate" />
      </MissingDependency>
      <MissingDependency>
        <Required type="2" schemaName="mbaup_commercialise" displayName="Commercialise" parentSchemaName="cr61b_powerautomateusecases" parentDisplayName="Auto Mate" solution="PowerAutomateUseCases (1.1.0.1)" />
        <Dependent type="2" schemaName="mbaup_commercialise" displayName="Commercialise" parentSchemaName="cr61b_powerautomateusecases" parentDisplayName="Auto Mate" />
      </MissingDependency>
      <MissingDependency>
        <Required type="2" schemaName="mbaup_compliance" displayName="Compliance" parentSchemaName="cr61b_powerautomateusecases" parentDisplayName="Auto Mate" solution="PowerAutomateUseCases (1.1.0.1)" />
        <Dependent type="2" schemaName="mbaup_compliance" displayName="Compliance" parentSchemaName="cr61b_powerautomateusecases" parentDisplayName="Auto Mate" />
      </MissingDependency>
      <MissingDependency>
        <Required type="2" schemaName="mbaup_confluenceview" displayName="Business-IT Comments" parentSchemaName="cr61b_powerautomateusecases" parentDisplayName="Auto Mate" solution="PowerAutomateUseCases (1.1.0.1)" />
        <Dependent type="2" schemaName="mbaup_confluenceview" displayName="Business-IT Comments" parentSchemaName="cr61b_powerautomateusecases" parentDisplayName="Auto Mate" />
      </MissingDependency>
      <MissingDependency>
        <Required type="2" schemaName="mbaup_costofdelay" displayName="SafeAgile Score" parentSchemaName="cr61b_powerautomateusecases" parentDisplayName="Auto Mate" solution="PowerAutomateUseCases (1.1.0.1)" />
        <Dependent type="2" schemaName="mbaup_costofdelay" displayName="SafeAgile Score" parentSchemaName="cr61b_powerautomateusecases" parentDisplayName="Auto Mate" />
      </MissingDependency>
      <MissingDependency>
        <Required type="2" schemaName="mbaup_crosslegalentityscope" displayName="Cross Legal Entity Scope" parentSchemaName="cr61b_powerautomateusecases" parentDisplayName="Auto Mate" solution="PowerAutomateUseCases (1.1.0.1)" />
        <Dependent type="2" schemaName="mbaup_crosslegalentityscope" displayName="Cross Legal Entity Scope" parentSchemaName="cr61b_powerautomateusecases" parentDisplayName="Auto Mate" />
      </MissingDependency>
      <MissingDependency>
        <Required type="2" schemaName="mbaup_financialbenefits" displayName="Financial Benefits" parentSchemaName="cr61b_powerautomateusecases" parentDisplayName="Auto Mate" solution="PowerAutomateUseCases (1.1.0.1)" />
        <Dependent type="2" schemaName="mbaup_financialbenefits" displayName="Financial Benefits" parentSchemaName="cr61b_powerautomateusecases" parentDisplayName="Auto Mate" />
      </MissingDependency>
      <MissingDependency>
        <Required type="2" schemaName="mbaup_fterequired" displayName="FTE Required" parentSchemaName="cr61b_powerautomateusecases" parentDisplayName="Auto Mate" solution="PowerAutomateUseCases (1.1.0.1)" />
        <Dependent type="2" schemaName="mbaup_fterequired" displayName="FTE Required" parentSchemaName="cr61b_powerautomateusecases" parentDisplayName="Auto Mate" />
      </MissingDependency>
      <MissingDependency>
        <Required type="2" schemaName="mbaup_githublink" displayName="JIRA/ServiceNow Link" parentSchemaName="cr61b_powerautomateusecases" parentDisplayName="Auto Mate" solution="PowerAutomateUseCases (1.1.0.1)" />
        <Dependent type="2" schemaName="mbaup_githublink" displayName="JIRA/ServiceNow Link" parentSchemaName="cr61b_powerautomateusecases" parentDisplayName="Auto Mate" />
      </MissingDependency>
      <MissingDependency>
        <Required type="2" schemaName="mbaup_happiercustomer" displayName="Happier Customer" parentSchemaName="cr61b_powerautomateusecases" parentDisplayName="Auto Mate" solution="PowerAutomateUseCases (1.1.0.1)" />
        <Dependent type="2" schemaName="mbaup_happiercustomer" displayName="Happier Customer" parentSchemaName="cr61b_powerautomateusecases" parentDisplayName="Auto Mate" />
      </MissingDependency>
      <MissingDependency>
        <Required type="2" schemaName="mbaup_initiator" displayName="Initiator" parentSchemaName="cr61b_powerautomateusecases" parentDisplayName="Auto Mate" solution="PowerAutomateUseCases (1.1.0.1)" />
        <Dependent type="2" schemaName="mbaup_initiator" displayName="Initiator" parentSchemaName="cr61b_powerautomateusecases" parentDisplayName="Auto Mate" />
      </MissingDependency>
      <MissingDependency>
        <Required type="2" schemaName="mbaup_milestonestatus" displayName="Milestone Status" parentSchemaName="cr61b_powerautomateusecases" parentDisplayName="Auto Mate" solution="PowerAutomateUseCases (1.1.0.1)" />
        <Dependent type="2" schemaName="mbaup_milestonestatus" displayName="Milestone Status" parentSchemaName="cr61b_powerautomateusecases" parentDisplayName="Auto Mate" />
      </MissingDependency>
      <MissingDependency>
        <Required type="2" schemaName="mbaup_opportunityenablement" displayName="Opportunity Enablement" parentSchemaName="cr61b_powerautomateusecases" parentDisplayName="Auto Mate" solution="PowerAutomateUseCases (1.1.0.1)" />
        <Dependent type="2" schemaName="mbaup_opportunityenablement" displayName="Opportunity Enablement" parentSchemaName="cr61b_powerautomateusecases" parentDisplayName="Auto Mate" />
      </MissingDependency>
      <MissingDependency>
        <Required type="2" schemaName="mbaup_processdefinitiondocument" displayName="Process Definition Document" parentSchemaName="cr61b_powerautomateusecases" parentDisplayName="Auto Mate" solution="PowerAutomateUseCases (1.1.0.1)" />
        <Dependent type="2" schemaName="mbaup_processdefinitiondocument" displayName="Process Definition Document" parentSchemaName="cr61b_powerautomateusecases" parentDisplayName="Auto Mate" />
      </MissingDependency>
      <MissingDependency>
        <Required type="2" schemaName="mbaup_quantifiablemeasure" displayName="Quantifiable Measure" parentSchemaName="cr61b_powerautomateusecases" parentDisplayName="Auto Mate" solution="PowerAutomateUseCases (1.1.0.1)" />
        <Dependent type="2" schemaName="mbaup_quantifiablemeasure" displayName="Quantifiable Measure" parentSchemaName="cr61b_powerautomateusecases" parentDisplayName="Auto Mate" />
      </MissingDependency>
      <MissingDependency>
        <Required type="2" schemaName="mbaup_readiness" displayName="Readiness" parentSchemaName="cr61b_powerautomateusecases" parentDisplayName="Auto Mate" solution="PowerAutomateUseCases (1.1.0.1)" />
        <Dependent type="2" schemaName="mbaup_readiness" displayName="Readiness" parentSchemaName="cr61b_powerautomateusecases" parentDisplayName="Auto Mate" />
      </MissingDependency>
      <MissingDependency>
        <Required type="2" schemaName="mbaup_realtimemeasures" displayName="Real Time measures" parentSchemaName="cr61b_powerautomateusecases" parentDisplayName="Auto Mate" solution="PowerAutomateUseCases (1.1.0.1)" />
        <Dependent type="2" schemaName="mbaup_realtimemeasures" displayName="Real Time measures" parentSchemaName="cr61b_powerautomateusecases" parentDisplayName="Auto Mate" />
      </MissingDependency>
      <MissingDependency>
        <Required type="2" schemaName="mbaup_submitusecase" displayName="Submit Use case" parentSchemaName="cr61b_powerautomateusecases" parentDisplayName="Auto Mate" solution="PowerAutomateUseCases (1.1.0.1)" />
        <Dependent type="2" schemaName="mbaup_submitusecase" displayName="Submit Use case" parentSchemaName="cr61b_powerautomateusecases" parentDisplayName="Auto Mate" />
      </MissingDependency>
      <MissingDependency>
        <Required type="2" schemaName="mbaup_taskcaptures" displayName="Task Captures" parentSchemaName="cr61b_powerautomateusecases" parentDisplayName="Auto Mate" solution="PowerAutomateUseCases (1.1.0.1)" />
        <Dependent type="2" schemaName="mbaup_taskcaptures" displayName="Task Captures" parentSchemaName="cr61b_powerautomateusecases" parentDisplayName="Auto Mate" />
      </MissingDependency>
      <MissingDependency>
        <Required type="2" schemaName="mbaup_timecriticality" displayName="Time Criticality" parentSchemaName="cr61b_powerautomateusecases" parentDisplayName="Auto Mate" solution="PowerAutomateUseCases (1.1.0.1)" />
        <Dependent type="2" schemaName="mbaup_timecriticality" displayName="Time Criticality" parentSchemaName="cr61b_powerautomateusecases" parentDisplayName="Auto Mate" />
      </MissingDependency>
      <MissingDependency>
        <Required type="2" schemaName="mbaup_timesavings" displayName="Time Savings" parentSchemaName="cr61b_powerautomateusecases" parentDisplayName="Auto Mate" solution="PowerAutomateUseCases (1.1.0.1)" />
        <Dependent type="2" schemaName="mbaup_timesavings" displayName="Time Savings" parentSchemaName="cr61b_powerautomateusecases" parentDisplayName="Auto Mate" />
      </MissingDependency>
      <MissingDependency>
        <Required type="2" schemaName="mbaup_userdepartment" displayName="User Department" parentSchemaName="cr61b_powerautomateusecases" parentDisplayName="Auto Mate" solution="PowerAutomateUseCases (1.1.0.1)" />
        <Dependent type="2" schemaName="mbaup_userdepartment" displayName="User Department" parentSchemaName="cr61b_powerautomateusecases" parentDisplayName="Auto Mate" />
      </MissingDependency>
      <MissingDependency>
        <Required type="2" schemaName="mbaup_validationscore" displayName="ValidationScore" parentSchemaName="cr61b_powerautomateusecases" parentDisplayName="Auto Mate" solution="PowerAutomateUseCases (1.1.0.1)" />
        <Dependent type="2" schemaName="mbaup_validationscore" displayName="ValidationScore" parentSchemaName="cr61b_powerautomateusecases" parentDisplayName="Auto Mate" />
      </MissingDependency>
      <MissingDependency>
        <Required type="2" schemaName="modifiedon" displayName="Modified On" parentSchemaName="cr61b_powerautomateusecases" parentDisplayName="Auto Mate" solution="PowerAutomateUseCases (1.1.0.1)" />
        <Dependent type="2" schemaName="modifiedon" displayName="Modified On" parentSchemaName="cr61b_powerautomateusecases" parentDisplayName="Auto Mate" />
      </MissingDependency>
      <MissingDependency>
        <Required type="2" schemaName="overriddencreatedon" displayName="Record Created On" parentSchemaName="cr61b_powerautomateusecases" parentDisplayName="Auto Mate" solution="PowerAutomateUseCases (1.1.0.1)" />
        <Dependent type="2" schemaName="overriddencreatedon" displayName="Record Created On" parentSchemaName="cr61b_powerautomateusecases" parentDisplayName="Auto Mate" />
      </MissingDependency>
      <MissingDependency>
        <Required type="2" schemaName="statecode" displayName="Status" parentSchemaName="cr61b_powerautomateusecases" parentDisplayName="Auto Mate" solution="PowerAutomateUseCases (1.1.0.1)" />
        <Dependent type="2" schemaName="statecode" displayName="Status" parentSchemaName="cr61b_powerautomateusecases" parentDisplayName="Auto Mate" />
      </MissingDependency>
      <MissingDependency>
        <Required type="2" schemaName="statuscode" displayName="Status Reason" parentSchemaName="cr61b_powerautomateusecases" parentDisplayName="Auto Mate" solution="PowerAutomateUseCases (1.1.0.1)" />
        <Dependent type="2" schemaName="statuscode" displayName="Status Reason" parentSchemaName="cr61b_powerautomateusecases" parentDisplayName="Auto Mate" />
      </MissingDependency>
      <MissingDependency>
        <Required type="2" schemaName="cr7f1_designation" displayName="Designation" parentSchemaName="cr7f1_masterdata" parentDisplayName="Master Data" solution="PowerAutomateUseCases (1.1.0.1)" />
        <Dependent type="2" schemaName="cr7f1_designation" displayName="Designation" parentSchemaName="cr7f1_masterdata" parentDisplayName="Master Data" />
      </MissingDependency>
      <MissingDependency>
        <Required type="2" schemaName="cr7f1_displayname" displayName="Display Name" parentSchemaName="cr7f1_masterdata" parentDisplayName="Master Data" solution="PowerAutomateUseCases (1.1.0.1)" />
        <Dependent type="2" schemaName="cr7f1_displayname" displayName="Display Name" parentSchemaName="cr7f1_masterdata" parentDisplayName="Master Data" />
      </MissingDependency>
      <MissingDependency>
        <Required type="2" schemaName="cr7f1_empcostcentre" displayName="EmpCostcentre" parentSchemaName="cr7f1_masterdata" parentDisplayName="Master Data" solution="PowerAutomateUseCases (1.1.0.1)" />
        <Dependent type="2" schemaName="cr7f1_empcostcentre" displayName="EmpCostcentre" parentSchemaName="cr7f1_masterdata" parentDisplayName="Master Data" />
      </MissingDependency>
      <MissingDependency>
        <Required type="2" schemaName="cr7f1_empdepartment" displayName="EmpDepartment" parentSchemaName="cr7f1_masterdata" parentDisplayName="Master Data" solution="PowerAutomateUseCases (1.1.0.1)" />
        <Dependent type="2" schemaName="cr7f1_empdepartment" displayName="EmpDepartment" parentSchemaName="cr7f1_masterdata" parentDisplayName="Master Data" />
      </MissingDependency>
      <MissingDependency>
        <Required type="2" schemaName="cr7f1_empmobile" displayName="EmpMobile" parentSchemaName="cr7f1_masterdata" parentDisplayName="Master Data" solution="PowerAutomateUseCases (1.1.0.1)" />
        <Dependent type="2" schemaName="cr7f1_empmobile" displayName="EmpMobile" parentSchemaName="cr7f1_masterdata" parentDisplayName="Master Data" />
      </MissingDependency>
      <MissingDependency>
        <Required type="2" schemaName="cr7f1_empsupervisor" displayName="EmpSupervisor" parentSchemaName="cr7f1_masterdata" parentDisplayName="Master Data" solution="PowerAutomateUseCases (1.1.0.1)" />
        <Dependent type="2" schemaName="cr7f1_empsupervisor" displayName="EmpSupervisor" parentSchemaName="cr7f1_masterdata" parentDisplayName="Master Data" />
      </MissingDependency>
      <MissingDependency>
        <Required type="2" schemaName="cr7f1_gender" displayName="Gender" parentSchemaName="cr7f1_masterdata" parentDisplayName="Master Data" solution="PowerAutomateUseCases (1.1.0.1)" />
        <Dependent type="2" schemaName="cr7f1_gender" displayName="Gender" parentSchemaName="cr7f1_masterdata" parentDisplayName="Master Data" />
      </MissingDependency>
      <MissingDependency>
        <Required type="2" schemaName="cr7f1_kim" displayName="KIM" parentSchemaName="cr7f1_masterdata" parentDisplayName="Master Data" solution="PowerAutomateUseCases (1.1.0.1)" />
        <Dependent type="2" schemaName="cr7f1_kim" displayName="KIM" parentSchemaName="cr7f1_masterdata" parentDisplayName="Master Data" />
      </MissingDependency>
      <MissingDependency>
        <Required type="2" schemaName="cr7f1_masterdataid" displayName="Master Data" parentSchemaName="cr7f1_masterdata" parentDisplayName="Master Data" solution="PowerAutomateUseCases (1.1.0.1)" />
        <Dependent type="2" schemaName="cr7f1_masterdataid" displayName="Master Data" parentSchemaName="cr7f1_masterdata" parentDisplayName="Master Data" />
      </MissingDependency>
      <MissingDependency>
        <Required type="2" schemaName="cr7f1_supervisormailid" displayName="Supervisor mail id" parentSchemaName="cr7f1_masterdata" parentDisplayName="Master Data" solution="PowerAutomateUseCases (1.1.0.1)" />
        <Dependent type="2" schemaName="cr7f1_supervisormailid" displayName="Supervisor mail id" parentSchemaName="cr7f1_masterdata" parentDisplayName="Master Data" />
      </MissingDependency>
      <MissingDependency>
        <Required type="2" schemaName="cr7f1_supervisorticketno_x002e_" displayName="Supervisor Ticket no." parentSchemaName="cr7f1_masterdata" parentDisplayName="Master Data" solution="PowerAutomateUseCases (1.1.0.1)" />
        <Dependent type="2" schemaName="cr7f1_supervisorticketno_x002e_" displayName="Supervisor Ticket no." parentSchemaName="cr7f1_masterdata" parentDisplayName="Master Data" />
      </MissingDependency>
      <MissingDependency>
        <Required type="2" schemaName="cr7f1_title" displayName="Emp Name" parentSchemaName="cr7f1_masterdata" parentDisplayName="Master Data" solution="PowerAutomateUseCases (1.1.0.1)" />
        <Dependent type="2" schemaName="cr7f1_title" displayName="Emp Name" parentSchemaName="cr7f1_masterdata" parentDisplayName="Master Data" />
      </MissingDependency>
      <MissingDependency>
        <Required type="2" schemaName="cr7f1_userid" displayName="UserID" parentSchemaName="cr7f1_masterdata" parentDisplayName="Master Data" solution="PowerAutomateUseCases (1.1.0.1)" />
        <Dependent type="2" schemaName="cr7f1_userid" displayName="UserID" parentSchemaName="cr7f1_masterdata" parentDisplayName="Master Data" />
      </MissingDependency>
      <MissingDependency>
        <Required type="2" schemaName="cr7f1_usermailid" displayName="User Mail ID" parentSchemaName="cr7f1_masterdata" parentDisplayName="Master Data" solution="PowerAutomateUseCases (1.1.0.1)" />
        <Dependent type="2" schemaName="cr7f1_usermailid" displayName="User Mail ID" parentSchemaName="cr7f1_masterdata" parentDisplayName="Master Data" />
      </MissingDependency>
      <MissingDependency>
        <Required type="2" schemaName="cr7f1_userticketno_x002e_" displayName="NID" parentSchemaName="cr7f1_masterdata" parentDisplayName="Master Data" solution="PowerAutomateUseCases (1.1.0.1)" />
        <Dependent type="2" schemaName="cr7f1_userticketno_x002e_" displayName="NID" parentSchemaName="cr7f1_masterdata" parentDisplayName="Master Data" />
      </MissingDependency>
      <MissingDependency>
        <Required type="2" schemaName="createdon" displayName="Created On" parentSchemaName="cr7f1_masterdata" parentDisplayName="Master Data" solution="PowerAutomateUseCases (1.1.0.1)" />
        <Dependent type="2" schemaName="createdon" displayName="Created On" parentSchemaName="cr7f1_masterdata" parentDisplayName="Master Data" />
      </MissingDependency>
      <MissingDependency>
        <Required type="2" schemaName="importsequencenumber" displayName="Import Sequence Number" parentSchemaName="cr7f1_masterdata" parentDisplayName="Master Data" solution="PowerAutomateUseCases (1.1.0.1)" />
        <Dependent type="2" schemaName="importsequencenumber" displayName="Import Sequence Number" parentSchemaName="cr7f1_masterdata" parentDisplayName="Master Data" />
      </MissingDependency>
      <MissingDependency>
        <Required type="2" schemaName="mbaup_masterdatadisplaylookup" displayName="Master Data Display lookup" parentSchemaName="cr7f1_masterdata" parentDisplayName="Master Data" solution="PowerAutomateUseCases (1.1.0.1)" />
        <Dependent type="2" schemaName="mbaup_masterdatadisplaylookup" displayName="Master Data Display lookup" parentSchemaName="cr7f1_masterdata" parentDisplayName="Master Data" />
      </MissingDependency>
      <MissingDependency>
        <Required type="2" schemaName="modifiedon" displayName="Modified On" parentSchemaName="cr7f1_masterdata" parentDisplayName="Master Data" solution="PowerAutomateUseCases (1.1.0.1)" />
        <Dependent type="2" schemaName="modifiedon" displayName="Modified On" parentSchemaName="cr7f1_masterdata" parentDisplayName="Master Data" />
      </MissingDependency>
      <MissingDependency>
        <Required type="2" schemaName="overriddencreatedon" displayName="Record Created On" parentSchemaName="cr7f1_masterdata" parentDisplayName="Master Data" solution="PowerAutomateUseCases (1.1.0.1)" />
        <Dependent type="2" schemaName="overriddencreatedon" displayName="Record Created On" parentSchemaName="cr7f1_masterdata" parentDisplayName="Master Data" />
      </MissingDependency>
      <MissingDependency>
        <Required type="2" schemaName="statecode" displayName="Status" parentSchemaName="cr7f1_masterdata" parentDisplayName="Master Data" solution="PowerAutomateUseCases (1.1.0.1)" />
        <Dependent type="2" schemaName="statecode" displayName="Status" parentSchemaName="cr7f1_masterdata" parentDisplayName="Master Data" />
      </MissingDependency>
      <MissingDependency>
        <Required type="2" schemaName="statuscode" displayName="Status Reason" parentSchemaName="cr7f1_masterdata" parentDisplayName="Master Data" solution="PowerAutomateUseCases (1.1.0.1)" />
        <Dependent type="2" schemaName="statuscode" displayName="Status Reason" parentSchemaName="cr7f1_masterdata" parentDisplayName="Master Data" />
      </MissingDependency>
      <MissingDependency>
        <Required type="2" schemaName="activestagestartedon" displayName="Active Stage Started On" parentSchemaName="mbaup_usecasereview" parentDisplayName="Usecase Review" solution="PowerAutomateUseCases (1.1.0.1)" />
        <Dependent type="2" schemaName="activestagestartedon" displayName="Active Stage Started On" parentSchemaName="mbaup_usecasereview" parentDisplayName="Usecase Review" />
      </MissingDependency>
      <MissingDependency>
        <Required type="2" schemaName="bpf_cr61b_powerautomateusecasesid" displayName="Cr61b_Powerautomateusecases" parentSchemaName="mbaup_usecasereview" parentDisplayName="Usecase Review" solution="PowerAutomateUseCases (1.1.0.1)" />
        <Dependent type="2" schemaName="bpf_cr61b_powerautomateusecasesid" displayName="Cr61b_Powerautomateusecases" parentSchemaName="mbaup_usecasereview" parentDisplayName="Usecase Review" />
      </MissingDependency>
      <MissingDependency>
        <Required type="2" schemaName="bpf_duration" displayName="Duration" parentSchemaName="mbaup_usecasereview" parentDisplayName="Usecase Review" solution="PowerAutomateUseCases (1.1.0.1)" />
        <Dependent type="2" schemaName="bpf_duration" displayName="Duration" parentSchemaName="mbaup_usecasereview" parentDisplayName="Usecase Review" />
      </MissingDependency>
      <MissingDependency>
        <Required type="2" schemaName="bpf_name" displayName="Name" parentSchemaName="mbaup_usecasereview" parentDisplayName="Usecase Review" solution="PowerAutomateUseCases (1.1.0.1)" />
        <Dependent type="2" schemaName="bpf_name" displayName="Name" parentSchemaName="mbaup_usecasereview" parentDisplayName="Usecase Review" />
      </MissingDependency>
      <MissingDependency>
        <Required type="2" schemaName="businessprocessflowinstanceid" displayName="Usecase Review" parentSchemaName="mbaup_usecasereview" parentDisplayName="Usecase Review" solution="PowerAutomateUseCases (1.1.0.1)" />
        <Dependent type="2" schemaName="businessprocessflowinstanceid" displayName="Usecase Review" parentSchemaName="mbaup_usecasereview" parentDisplayName="Usecase Review" />
      </MissingDependency>
      <MissingDependency>
        <Required type="2" schemaName="completedon" displayName="Completed On" parentSchemaName="mbaup_usecasereview" parentDisplayName="Usecase Review" solution="PowerAutomateUseCases (1.1.0.1)" />
        <Dependent type="2" schemaName="completedon" displayName="Completed On" parentSchemaName="mbaup_usecasereview" parentDisplayName="Usecase Review" />
      </MissingDependency>
      <MissingDependency>
        <Required type="2" schemaName="createdon" displayName="Created On" parentSchemaName="mbaup_usecasereview" parentDisplayName="Usecase Review" solution="PowerAutomateUseCases (1.1.0.1)" />
        <Dependent type="2" schemaName="createdon" displayName="Created On" parentSchemaName="mbaup_usecasereview" parentDisplayName="Usecase Review" />
      </MissingDependency>
      <MissingDependency>
        <Required type="2" schemaName="importsequencenumber" displayName="Import Sequence Number" parentSchemaName="mbaup_usecasereview" parentDisplayName="Usecase Review" solution="PowerAutomateUseCases (1.1.0.1)" />
        <Dependent type="2" schemaName="importsequencenumber" displayName="Import Sequence Number" parentSchemaName="mbaup_usecasereview" parentDisplayName="Usecase Review" />
      </MissingDependency>
      <MissingDependency>
        <Required type="2" schemaName="modifiedon" displayName="Modified On" parentSchemaName="mbaup_usecasereview" parentDisplayName="Usecase Review" solution="PowerAutomateUseCases (1.1.0.1)" />
        <Dependent type="2" schemaName="modifiedon" displayName="Modified On" parentSchemaName="mbaup_usecasereview" parentDisplayName="Usecase Review" />
      </MissingDependency>
      <MissingDependency>
        <Required type="2" schemaName="overriddencreatedon" displayName="Record Created On" parentSchemaName="mbaup_usecasereview" parentDisplayName="Usecase Review" solution="PowerAutomateUseCases (1.1.0.1)" />
        <Dependent type="2" schemaName="overriddencreatedon" displayName="Record Created On" parentSchemaName="mbaup_usecasereview" parentDisplayName="Usecase Review" />
      </MissingDependency>
      <MissingDependency>
        <Required type="2" schemaName="statecode" displayName="Status" parentSchemaName="mbaup_usecasereview" parentDisplayName="Usecase Review" solution="PowerAutomateUseCases (1.1.0.1)" />
        <Dependent type="2" schemaName="statecode" displayName="Status" parentSchemaName="mbaup_usecasereview" parentDisplayName="Usecase Review" />
      </MissingDependency>
      <MissingDependency>
        <Required type="2" schemaName="statuscode" displayName="Status Reason" parentSchemaName="mbaup_usecasereview" parentDisplayName="Usecase Review" solution="PowerAutomateUseCases (1.1.0.1)" />
        <Dependent type="2" schemaName="statuscode" displayName="Status Reason" parentSchemaName="mbaup_usecasereview" parentDisplayName="Usecase Review" />
      </MissingDependency>
      <MissingDependency>
        <Required type="20" displayName="Auto Mate Manager Approval" solution="PowerAutomateUseCases (1.1.0.1)" id="{1ce3f904-ef7a-ef11-ac21-000d3a81d7b4}" />
        <Dependent type="20" displayName="Auto Mate Manager Approval" id="{1ce3f904-ef7a-ef11-ac21-000d3a81d7b4}" />
      </MissingDependency>
      <MissingDependency>
        <Required type="20" displayName="Auto Mate User" solution="PowerAutomateUseCases (1.1.0.1)" id="{6f67e647-8279-ef11-ac21-00224816d39e}" />
        <Dependent type="20" displayName="Auto Mate User" id="{6f67e647-8279-ef11-ac21-00224816d39e}" />
      </MissingDependency>
      <MissingDependency>
        <Required type="26" schemaName="Active Master Datas" displayName="Active Master Datas" parentSchemaName="cr7f1_masterdata" parentDisplayName="Master Data" solution="PowerAutomateUseCases (1.1.0.1)" id="{031f402f-f720-49cd-8196-18a9c014ef7f}" />
        <Dependent type="26" schemaName="Active Master Datas" displayName="Active Master Datas" parentSchemaName="cr7f1_masterdata" parentDisplayName="Master Data" id="{031f402f-f720-49cd-8196-18a9c014ef7f}" />
      </MissingDependency>
      <MissingDependency>
        <Required type="26" schemaName="department from Master Data" displayName="department from Master Data" parentSchemaName="cr7f1_masterdata" parentDisplayName="Master Data" solution="PowerAutomateUseCases (1.1.0.1)" id="{034ae5a3-4a61-f011-bec1-6045bd16355a}" />
        <Dependent type="26" schemaName="department from Master Data" displayName="department from Master Data" parentSchemaName="cr7f1_masterdata" parentDisplayName="Master Data" id="{034ae5a3-4a61-f011-bec1-6045bd16355a}" />
      </MissingDependency>
      <MissingDependency>
        <Required type="26" schemaName="Quick Find Active Usecase Review" displayName="Quick Find Active Usecase Review" parentSchemaName="mbaup_usecasereview" parentDisplayName="Usecase Review" solution="PowerAutomateUseCases (1.1.0.1)" id="{0a6b9727-c48f-4877-9005-b12a963cde0d}" />
        <Dependent type="26" schemaName="Quick Find Active Usecase Review" displayName="Quick Find Active Usecase Review" parentSchemaName="mbaup_usecasereview" parentDisplayName="Usecase Review" id="{0a6b9727-c48f-4877-9005-b12a963cde0d}" />
      </MissingDependency>
      <MissingDependency>
        <Required type="26" schemaName="ROI Evaluation" displayName="ROI Evaluation" parentSchemaName="cr61b_powerautomateusecases" parentDisplayName="Auto Mate" solution="PowerAutomateUseCases (1.1.0.1)" id="{0b9ec793-a408-f011-bae3-000d3a814ba1}" />
        <Dependent type="26" schemaName="ROI Evaluation" displayName="ROI Evaluation" parentSchemaName="cr61b_powerautomateusecases" parentDisplayName="Auto Mate" id="{0b9ec793-a408-f011-bae3-000d3a814ba1}" />
      </MissingDependency>
      <MissingDependency>
        <Required type="26" schemaName="Power Automate Use Cases Lookup View" displayName="Power Automate Use Cases Lookup View" parentSchemaName="cr61b_powerautomateusecases" parentDisplayName="Auto Mate" solution="PowerAutomateUseCases (1.1.0.1)" id="{0f855b35-842d-4f58-b2bd-b08c7de16726}" />
        <Dependent type="26" schemaName="Power Automate Use Cases Lookup View" displayName="Power Automate Use Cases Lookup View" parentSchemaName="cr61b_powerautomateusecases" parentDisplayName="Auto Mate" id="{0f855b35-842d-4f58-b2bd-b08c7de16726}" />
      </MissingDependency>
      <MissingDependency>
        <Required type="26" schemaName="Inactive Master Datas" displayName="Inactive Master Datas" parentSchemaName="cr7f1_masterdata" parentDisplayName="Master Data" solution="PowerAutomateUseCases (1.1.0.1)" id="{1e8ab91c-e2d5-4288-a714-56f5b61c4bf1}" />
        <Dependent type="26" schemaName="Inactive Master Datas" displayName="Inactive Master Datas" parentSchemaName="cr7f1_masterdata" parentDisplayName="Master Data" id="{1e8ab91c-e2d5-4288-a714-56f5b61c4bf1}" />
      </MissingDependency>
      <MissingDependency>
        <Required type="26" schemaName="Usecase Review Lookup View" displayName="Usecase Review Lookup View" parentSchemaName="mbaup_usecasereview" parentDisplayName="Usecase Review" solution="PowerAutomateUseCases (1.1.0.1)" id="{21d070a5-0403-4736-989d-03e3fa8a084b}" />
        <Dependent type="26" schemaName="Usecase Review Lookup View" displayName="Usecase Review Lookup View" parentSchemaName="mbaup_usecasereview" parentDisplayName="Usecase Review" id="{21d070a5-0403-4736-989d-03e3fa8a084b}" />
      </MissingDependency>
      <MissingDependency>
        <Required type="26" schemaName="Inactive Usecase Review" displayName="Inactive Usecase Review" parentSchemaName="mbaup_usecasereview" parentDisplayName="Usecase Review" solution="PowerAutomateUseCases (1.1.0.1)" id="{3af9c2c3-53a9-4ed3-93ca-5183790e0759}" />
        <Dependent type="26" schemaName="Inactive Usecase Review" displayName="Inactive Usecase Review" parentSchemaName="mbaup_usecasereview" parentDisplayName="Usecase Review" id="{3af9c2c3-53a9-4ed3-93ca-5183790e0759}" />
      </MissingDependency>
      <MissingDependency>
        <Required type="26" schemaName="Active Usecase Review on my Auto Mates" displayName="Active Usecase Review on my Auto Mates" parentSchemaName="mbaup_usecasereview" parentDisplayName="Usecase Review" solution="PowerAutomateUseCases (1.1.0.1)" id="{3e764a59-2b48-437a-abcb-ba4ddc84a629}" />
        <Dependent type="26" schemaName="Active Usecase Review on my Auto Mates" displayName="Active Usecase Review on my Auto Mates" parentSchemaName="mbaup_usecasereview" parentDisplayName="Usecase Review" id="{3e764a59-2b48-437a-abcb-ba4ddc84a629}" />
      </MissingDependency>
      <MissingDependency>
        <Required type="26" schemaName="Inactive Power Automate Use Cases" displayName="Inactive Power Automate Use Cases" parentSchemaName="cr61b_powerautomateusecases" parentDisplayName="Auto Mate" solution="PowerAutomateUseCases (1.1.0.1)" id="{422c4188-8aad-44ca-8128-65148decd2e7}" />
        <Dependent type="26" schemaName="Inactive Power Automate Use Cases" displayName="Inactive Power Automate Use Cases" parentSchemaName="cr61b_powerautomateusecases" parentDisplayName="Auto Mate" id="{422c4188-8aad-44ca-8128-65148decd2e7}" />
      </MissingDependency>
      <MissingDependency>
        <Required type="26" schemaName="Master Data Associated View" displayName="Master Data Associated View" parentSchemaName="cr7f1_masterdata" parentDisplayName="Master Data" solution="PowerAutomateUseCases (1.1.0.1)" id="{4c6127fd-b9b9-431f-921a-e7244354fe5b}" />
        <Dependent type="26" schemaName="Master Data Associated View" displayName="Master Data Associated View" parentSchemaName="cr7f1_masterdata" parentDisplayName="Master Data" id="{4c6127fd-b9b9-431f-921a-e7244354fe5b}" />
      </MissingDependency>
      <MissingDependency>
        <Required type="26" schemaName="Usecase Review Associated View" displayName="Usecase Review Associated View" parentSchemaName="mbaup_usecasereview" parentDisplayName="Usecase Review" solution="PowerAutomateUseCases (1.1.0.1)" id="{5bd77497-51fc-497e-af11-9449845db98e}" />
        <Dependent type="26" schemaName="Usecase Review Associated View" displayName="Usecase Review Associated View" parentSchemaName="mbaup_usecasereview" parentDisplayName="Usecase Review" id="{5bd77497-51fc-497e-af11-9449845db98e}" />
      </MissingDependency>
      <MissingDependency>
        <Required type="26" schemaName="Quick Find Active Power Automate Use Cases" displayName="Quick Find Active Power Automate Use Cases" parentSchemaName="cr61b_powerautomateusecases" parentDisplayName="Auto Mate" solution="PowerAutomateUseCases (1.1.0.1)" id="{5d757e7b-7128-41c0-b222-f30a8e41c475}" />
        <Dependent type="26" schemaName="Quick Find Active Power Automate Use Cases" displayName="Quick Find Active Power Automate Use Cases" parentSchemaName="cr61b_powerautomateusecases" parentDisplayName="Auto Mate" id="{5d757e7b-7128-41c0-b222-f30a8e41c475}" />
      </MissingDependency>
      <MissingDependency>
        <Required type="26" schemaName="Status Overview" displayName="Status Overview" parentSchemaName="mbaup_usecasereview" parentDisplayName="Usecase Review" solution="PowerAutomateUseCases (1.1.0.1)" id="{623c0ac4-5534-f011-8c4d-000d3a814ba1}" />
        <Dependent type="26" schemaName="Status Overview" displayName="Status Overview" parentSchemaName="mbaup_usecasereview" parentDisplayName="Usecase Review" id="{623c0ac4-5534-f011-8c4d-000d3a814ba1}" />
      </MissingDependency>
      <MissingDependency>
        <Required type="26" schemaName="2025 TOP Priorities" displayName="2025 TOP Priorities" parentSchemaName="cr61b_powerautomateusecases" parentDisplayName="Auto Mate" solution="PowerAutomateUseCases (1.1.0.1)" id="{70390401-a608-f011-bae3-000d3a80f410}" />
        <Dependent type="26" schemaName="2025 TOP Priorities" displayName="2025 TOP Priorities" parentSchemaName="cr61b_powerautomateusecases" parentDisplayName="Auto Mate" id="{70390401-a608-f011-bae3-000d3a80f410}" />
      </MissingDependency>
      <MissingDependency>
        <Required type="26" schemaName="My Power Automate Use Cases" displayName="My Power Automate Use Cases" parentSchemaName="cr61b_powerautomateusecases" parentDisplayName="Auto Mate" solution="PowerAutomateUseCases (1.1.0.1)" id="{8607e6f3-4d60-ef11-bfe3-002248ed6920}" />
        <Dependent type="26" schemaName="My Power Automate Use Cases" displayName="My Power Automate Use Cases" parentSchemaName="cr61b_powerautomateusecases" parentDisplayName="Auto Mate" id="{8607e6f3-4d60-ef11-bfe3-002248ed6920}" />
      </MissingDependency>
      <MissingDependency>
        <Required type="26" schemaName="Quick Find Active Master Datas" displayName="Quick Find Active Master Datas" parentSchemaName="cr7f1_masterdata" parentDisplayName="Master Data" solution="PowerAutomateUseCases (1.1.0.1)" id="{8dfd85e2-922d-47ed-a643-e8350a875a5d}" />
        <Dependent type="26" schemaName="Quick Find Active Master Datas" displayName="Quick Find Active Master Datas" parentSchemaName="cr7f1_masterdata" parentDisplayName="Master Data" id="{8dfd85e2-922d-47ed-a643-e8350a875a5d}" />
      </MissingDependency>
      <MissingDependency>
        <Required type="26" schemaName="Use Cases" displayName="Use Cases" parentSchemaName="cr61b_powerautomateusecases" parentDisplayName="Auto Mate" solution="PowerAutomateUseCases (1.1.0.1)" id="{9659ee6d-3705-46ae-a71b-0da72eeb1f7f}" />
        <Dependent type="26" schemaName="Use Cases" displayName="Use Cases" parentSchemaName="cr61b_powerautomateusecases" parentDisplayName="Auto Mate" id="{9659ee6d-3705-46ae-a71b-0da72eeb1f7f}" />
      </MissingDependency>
      <MissingDependency>
        <Required type="26" schemaName="All Usecase Review" displayName="All Usecase Review" parentSchemaName="mbaup_usecasereview" parentDisplayName="Usecase Review" solution="PowerAutomateUseCases (1.1.0.1)" id="{9a9cdcf3-44a1-4803-8700-ee62d38c56cd}" />
        <Dependent type="26" schemaName="All Usecase Review" displayName="All Usecase Review" parentSchemaName="mbaup_usecasereview" parentDisplayName="Usecase Review" id="{9a9cdcf3-44a1-4803-8700-ee62d38c56cd}" />
      </MissingDependency>
      <MissingDependency>
        <Required type="26" schemaName="Usecase Review" displayName="Usecase Review" parentSchemaName="mbaup_usecasereview" parentDisplayName="Usecase Review" solution="PowerAutomateUseCases (1.1.0.1)" id="{9b8164bd-d87a-ef11-ac21-00224816d39e}" />
        <Dependent type="26" schemaName="Usecase Review" displayName="Usecase Review" parentSchemaName="mbaup_usecasereview" parentDisplayName="Usecase Review" id="{9b8164bd-d87a-ef11-ac21-00224816d39e}" />
      </MissingDependency>
      <MissingDependency>
        <Required type="26" schemaName="Power Automate Use Cases Associated View" displayName="Power Automate Use Cases Associated View" parentSchemaName="cr61b_powerautomateusecases" parentDisplayName="Auto Mate" solution="PowerAutomateUseCases (1.1.0.1)" id="{a6257c6d-325b-40d2-8e50-0596f8f311fe}" />
        <Dependent type="26" schemaName="Power Automate Use Cases Associated View" displayName="Power Automate Use Cases Associated View" parentSchemaName="cr61b_powerautomateusecases" parentDisplayName="Auto Mate" id="{a6257c6d-325b-40d2-8e50-0596f8f311fe}" />
      </MissingDependency>
      <MissingDependency>
        <Required type="26" schemaName="My Master Datas" displayName="My Master Datas" parentSchemaName="cr7f1_masterdata" parentDisplayName="Master Data" solution="PowerAutomateUseCases (1.1.0.1)" id="{b1f1ede0-495e-f011-877a-6045bd160ec0}" />
        <Dependent type="26" schemaName="My Master Datas" displayName="My Master Datas" parentSchemaName="cr7f1_masterdata" parentDisplayName="Master Data" id="{b1f1ede0-495e-f011-877a-6045bd160ec0}" />
      </MissingDependency>
      <MissingDependency>
        <Required type="26" schemaName="Power Automate Use Cases Advanced Find View" displayName="Power Automate Use Cases Advanced Find View" parentSchemaName="cr61b_powerautomateusecases" parentDisplayName="Auto Mate" solution="PowerAutomateUseCases (1.1.0.1)" id="{c1ac75df-1f47-418b-9264-73f6a514dce7}" />
        <Dependent type="26" schemaName="Power Automate Use Cases Advanced Find View" displayName="Power Automate Use Cases Advanced Find View" parentSchemaName="cr61b_powerautomateusecases" parentDisplayName="Auto Mate" id="{c1ac75df-1f47-418b-9264-73f6a514dce7}" />
      </MissingDependency>
      <MissingDependency>
        <Required type="26" schemaName="Active Usecase Review" displayName="Active Usecase Review" parentSchemaName="mbaup_usecasereview" parentDisplayName="Usecase Review" solution="PowerAutomateUseCases (1.1.0.1)" id="{d441b7f9-a12d-456a-ad47-659965efbdb7}" />
        <Dependent type="26" schemaName="Active Usecase Review" displayName="Active Usecase Review" parentSchemaName="mbaup_usecasereview" parentDisplayName="Usecase Review" id="{d441b7f9-a12d-456a-ad47-659965efbdb7}" />
      </MissingDependency>
      <MissingDependency>
        <Required type="26" schemaName="Inactive Usecase Review on my Auto Mates" displayName="Inactive Usecase Review on my Auto Mates" parentSchemaName="mbaup_usecasereview" parentDisplayName="Usecase Review" solution="PowerAutomateUseCases (1.1.0.1)" id="{dfa7980e-921e-4a4f-8ae6-0caf6f8ae9c1}" />
        <Dependent type="26" schemaName="Inactive Usecase Review on my Auto Mates" displayName="Inactive Usecase Review on my Auto Mates" parentSchemaName="mbaup_usecasereview" parentDisplayName="Usecase Review" id="{dfa7980e-921e-4a4f-8ae6-0caf6f8ae9c1}" />
      </MissingDependency>
      <MissingDependency>
        <Required type="26" schemaName="Master Data Lookup View" displayName="Master Data Lookup View" parentSchemaName="cr7f1_masterdata" parentDisplayName="Master Data" solution="PowerAutomateUseCases (1.1.0.1)" id="{f2d897f9-937b-4a85-9438-85d490107865}" />
        <Dependent type="26" schemaName="Master Data Lookup View" displayName="Master Data Lookup View" parentSchemaName="cr7f1_masterdata" parentDisplayName="Master Data" id="{f2d897f9-937b-4a85-9438-85d490107865}" />
      </MissingDependency>
      <MissingDependency>
        <Required type="26" schemaName="Master Data Advanced Find View" displayName="Master Data Advanced Find View" parentSchemaName="cr7f1_masterdata" parentDisplayName="Master Data" solution="PowerAutomateUseCases (1.1.0.1)" id="{fc1106d7-fa3c-4b7f-bb9d-dbde96fce651}" />
        <Dependent type="26" schemaName="Master Data Advanced Find View" displayName="Master Data Advanced Find View" parentSchemaName="cr7f1_masterdata" parentDisplayName="Master Data" id="{fc1106d7-fa3c-4b7f-bb9d-dbde96fce651}" />
      </MissingDependency>
      <MissingDependency>
        <Required type="26" schemaName="Usecase Review Advanced Find View" displayName="Usecase Review Advanced Find View" parentSchemaName="mbaup_usecasereview" parentDisplayName="Usecase Review" solution="PowerAutomateUseCases (1.1.0.1)" id="{fd8385b7-47fa-4098-931e-91588ac3ac57}" />
        <Dependent type="26" schemaName="Usecase Review Advanced Find View" displayName="Usecase Review Advanced Find View" parentSchemaName="mbaup_usecasereview" parentDisplayName="Usecase Review" id="{fd8385b7-47fa-4098-931e-91588ac3ac57}" />
      </MissingDependency>
      <MissingDependency>
        <Required type="29" displayName="Business Purpose Validation" solution="PowerAutomateUseCases (1.1.0.1)" id="{61ba32d7-5460-ef11-bfe4-002248ebcf84}" />
        <Dependent type="29" displayName="Business Purpose Validation" id="{61ba32d7-5460-ef11-bfe4-002248ebcf84}" />
      </MissingDependency>
      <MissingDependency>
        <Required type="29" displayName="Usecase Review" solution="PowerAutomateUseCases (1.1.0.1)" id="{69026bdd-2b7a-ef11-ac20-002248ed08bd}" />
        <Dependent type="29" displayName="Usecase Review" id="{69026bdd-2b7a-ef11-ac20-002248ed08bd}" />
      </MissingDependency>
      <MissingDependency>
        <Required type="29" displayName="Business values" solution="PowerAutomateUseCases (1.1.0.1)" id="{bd837658-6366-ef11-a671-002248ebcf84}" />
        <Dependent type="29" displayName="Business values" id="{bd837658-6366-ef11-a671-002248ebcf84}" />
      </MissingDependency>
      <MissingDependency>
        <Required type="59" schemaName="Decision by SafeAgile Score" displayName="Decision by SafeAgile Score" parentSchemaName="cr61b_powerautomateusecases" parentDisplayName="Auto Mate" solution="PowerAutomateUseCases (1.1.0.1)" id="{5626bb1c-a708-f011-bae3-000d3a814ba1}" />
        <Dependent type="59" schemaName="Decision by SafeAgile Score" displayName="Decision by SafeAgile Score" parentSchemaName="cr61b_powerautomateusecases" parentDisplayName="Auto Mate" id="{5626bb1c-a708-f011-bae3-000d3a814ba1}" />
      </MissingDependency>
      <MissingDependency>
        <Required type="59" schemaName="Business Strategy by Financial Benefits" displayName="Business Strategy by Financial Benefits" parentSchemaName="cr61b_powerautomateusecases" parentDisplayName="Auto Mate" solution="PowerAutomateUseCases (1.1.0.1)" id="{846b6024-ce89-ef11-8a69-6045bd56ab69}" />
        <Dependent type="59" schemaName="Business Strategy by Financial Benefits" displayName="Business Strategy by Financial Benefits" parentSchemaName="cr61b_powerautomateusecases" parentDisplayName="Auto Mate" id="{846b6024-ce89-ef11-8a69-6045bd56ab69}" />
      </MissingDependency>
      <MissingDependency>
        <Required type="59" schemaName="Business case with Time Savings" displayName="Business case with Time Savings" parentSchemaName="cr61b_powerautomateusecases" parentDisplayName="Auto Mate" solution="PowerAutomateUseCases (1.1.0.1)" id="{e569fa32-56b7-ef11-b8e9-6045bd5a46e2}" />
        <Dependent type="59" schemaName="Business case with Time Savings" displayName="Business case with Time Savings" parentSchemaName="cr61b_powerautomateusecases" parentDisplayName="Auto Mate" id="{e569fa32-56b7-ef11-b8e9-6045bd5a46e2}" />
      </MissingDependency>
      <MissingDependency>
        <Required type="60" displayName="Auto Mate" parentDisplayName="Auto Mate" solution="PowerAutomateUseCases (1.1.0.1)" id="{016bf3a9-5775-ef11-a670-002248ed08bd}" />
        <Dependent type="60" displayName="Auto Mate" parentDisplayName="Auto Mate" id="{016bf3a9-5775-ef11-a670-002248ed08bd}" />
      </MissingDependency>
      <MissingDependency>
        <Required type="60" displayName="Information" parentDisplayName="Master Data" solution="PowerAutomateUseCases (1.1.0.1)" id="{219540ea-062a-445a-9f13-68d392121f82}" />
        <Dependent type="60" displayName="Information" parentDisplayName="Master Data" id="{219540ea-062a-445a-9f13-68d392121f82}" />
      </MissingDependency>
      <MissingDependency>
        <Required type="60" displayName="Information" parentDisplayName="Usecase Review" solution="PowerAutomateUseCases (1.1.0.1)" id="{584ebae2-012e-4f70-bd34-41c10615f921}" />
        <Dependent type="60" displayName="Information" parentDisplayName="Usecase Review" id="{584ebae2-012e-4f70-bd34-41c10615f921}" />
      </MissingDependency>
      <MissingDependency>
        <Required type="60" displayName="Information" parentDisplayName="Auto Mate" solution="PowerAutomateUseCases (1.1.0.1)" id="{6f38c096-8732-44bd-a031-6ea5c90e1a27}" />
        <Dependent type="60" displayName="Information" parentDisplayName="Auto Mate" id="{6f38c096-8732-44bd-a031-6ea5c90e1a27}" />
      </MissingDependency>
      <MissingDependency>
        <Required type="60" displayName="Auto Mate main form" parentDisplayName="Auto Mate" solution="PowerAutomateUseCases (1.1.0.1)" id="{996aba92-57a5-ef11-b8e9-000d3a861a30}" />
        <Dependent type="60" displayName="Auto Mate main form" parentDisplayName="Auto Mate" id="{996aba92-57a5-ef11-b8e9-000d3a861a30}" />
      </MissingDependency>
      <MissingDependency>
        <Required type="60" displayName="Information" parentDisplayName="Auto Mate" solution="PowerAutomateUseCases (1.1.0.1)" id="{b2697c09-d1cc-4785-a30b-26657ad71466}" />
        <Dependent type="60" displayName="Information" parentDisplayName="Auto Mate" id="{b2697c09-d1cc-4785-a30b-26657ad71466}" />
      </MissingDependency>
      <MissingDependency>
        <Required type="60" displayName="Information" parentDisplayName="Master Data" solution="PowerAutomateUseCases (1.1.0.1)" id="{ba9b78f4-cb12-4ee2-8c3d-a4bf7702a1f7}" />
        <Dependent type="60" displayName="Information" parentDisplayName="Master Data" id="{ba9b78f4-cb12-4ee2-8c3d-a4bf7702a1f7}" />
      </MissingDependency>
      <MissingDependency>
        <Required type="60" displayName="Auto Mate Usecase Review" parentDisplayName="Auto Mate" solution="PowerAutomateUseCases (1.1.0.1)" id="{c94b6f82-2b7a-ef11-ac20-002248ed08bd}" />
        <Dependent type="60" displayName="Auto Mate Usecase Review" parentDisplayName="Auto Mate" id="{c94b6f82-2b7a-ef11-ac20-002248ed08bd}" />
      </MissingDependency>
      <MissingDependency>
        <Required type="60" displayName="Information" parentDisplayName="Master Data" solution="PowerAutomateUseCases (1.1.0.1)" id="{d8711ac5-2f1a-4b19-8de1-1da00a44708c}" />
        <Dependent type="60" displayName="Information" parentDisplayName="Master Data" id="{d8711ac5-2f1a-4b19-8de1-1da00a44708c}" />
      </MissingDependency>
      <MissingDependency>
        <Required type="60" displayName="Results Review" parentDisplayName="Auto Mate" solution="PowerAutomateUseCases (1.1.0.1)" id="{d9934ca5-61a5-ef11-b8e9-6045bd5a46e2}" />
        <Dependent type="60" displayName="Results Review" parentDisplayName="Auto Mate" id="{d9934ca5-61a5-ef11-b8e9-6045bd5a46e2}" />
      </MissingDependency>
      <MissingDependency>
        <Required type="60" displayName="Auto Mate quick view form" parentDisplayName="Auto Mate" solution="PowerAutomateUseCases (1.1.0.1)" id="{fab100ba-23a2-ef11-8a69-002248194ac2}" />
        <Dependent type="60" displayName="Auto Mate quick view form" parentDisplayName="Auto Mate" id="{fab100ba-23a2-ef11-8a69-002248194ac2}" />
      </MissingDependency>
      <MissingDependency>
        <Required type="60" displayName="Brainstorm workshop" parentDisplayName="Auto Mate" solution="PowerAutomateUseCases (1.1.0.1)" id="{ffa4e15e-59a5-ef11-b8e9-002248eba418}" />
        <Dependent type="60" displayName="Brainstorm workshop" parentDisplayName="Auto Mate" id="{ffa4e15e-59a5-ef11-b8e9-002248eba418}" />
      </MissingDependency>
      <MissingDependency>
        <Required type="61" schemaName="mbaup_Formswitch" displayName="mbaup_Formswitch" solution="PowerAutomateUseCases (1.1.0.1)" />
        <Dependent type="61" schemaName="mbaup_Formswitch" displayName="mbaup_Formswitch" />
      </MissingDependency>
      <MissingDependency>
        <Required type="61" schemaName="mbaup_formSwitcher" displayName="mbaup_formSwitcher" solution="PowerAutomateUseCases (1.1.0.1)" />
        <Dependent type="61" schemaName="mbaup_formSwitcher" displayName="mbaup_formSwitcher" />
      </MissingDependency>
      <MissingDependency>
        <Required type="61" schemaName="mbaup_formswitchonload" displayName="mbaup_formswitchonload" solution="PowerAutomateUseCases (1.1.0.1)" />
        <Dependent type="61" schemaName="mbaup_formswitchonload" displayName="mbaup_formswitchonload" />
      </MissingDependency>
      <MissingDependency>
        <Required type="61" schemaName="mbaup_switchform" displayName="mbaup_switchform" solution="PowerAutomateUseCases (1.1.0.1)" />
        <Dependent type="61" schemaName="mbaup_switchform" displayName="mbaup_switchform" />
      </MissingDependency>
      <MissingDependency>
        <Required type="66" schemaName="MscrmControls.FieldControls.ToggleControl" displayName="MscrmControls.FieldControls.ToggleControl" solution="BaseCustomControlsCore (9.0.2510.2011)">
          <package appName="Base Custom Controls" version="9.0.2510.2011">BaseCustomControlsCore (9.0.2510.2011)</package>
        </Required>
        <Dependent type="60" displayName="Auto Mate" parentDisplayName="Auto Mate" id="{016bf3a9-5775-ef11-a670-002248ed08bd}" />
      </MissingDependency>
      <MissingDependency>
        <Required type="66" schemaName="MscrmControls.FieldControls.ToggleControl" displayName="MscrmControls.FieldControls.ToggleControl" solution="BaseCustomControlsCore (9.0.2510.2011)">
          <package appName="Base Custom Controls" version="9.0.2510.2011">BaseCustomControlsCore (9.0.2510.2011)</package>
        </Required>
        <Dependent type="60" displayName="Auto Mate main form" parentDisplayName="Auto Mate" id="{996aba92-57a5-ef11-b8e9-000d3a861a30}" />
      </MissingDependency>
      <MissingDependency>
        <Required type="66" schemaName="MscrmControls.FieldControls.ToggleControl" displayName="MscrmControls.FieldControls.ToggleControl" solution="BaseCustomControlsCore (9.0.2510.2011)">
          <package appName="Base Custom Controls" version="9.0.2510.2011">BaseCustomControlsCore (9.0.2510.2011)</package>
        </Required>
        <Dependent type="60" displayName="Results Review" parentDisplayName="Auto Mate" id="{d9934ca5-61a5-ef11-b8e9-6045bd5a46e2}" />
      </MissingDependency>
      <MissingDependency>
        <Required type="66" schemaName="MscrmControls.Rating.StarRatingControl" displayName="MscrmControls.Rating.StarRatingControl" solution="CustomControlsCore (9.2.25102.00147)">
          <package appName="Custom Controls Package" version="9.2.25102.00147">CustomControlsCore (9.2.25102.00147)</package>
        </Required>
        <Dependent type="60" displayName="Results Review" parentDisplayName="Auto Mate" id="{d9934ca5-61a5-ef11-b8e9-6045bd5a46e2}" />
      </MissingDependency>
      <MissingDependency>
        <Required type="9" schemaName="cr61b_applicationscope" displayName="ApplicationScope" solution="PowerAutomateUseCases (1.1.0.1)" />
        <Dependent type="9" schemaName="cr61b_applicationscope" displayName="ApplicationScope" />
      </MissingDependency>
      <MissingDependency>
        <Required type="9" schemaName="cr61b_crosslegalentityscope" displayName="Cross Legal Entity Scope" solution="PowerAutomateUseCases (1.1.0.1)" />
        <Dependent type="9" schemaName="cr61b_crosslegalentityscope" displayName="Cross Legal Entity Scope" />
      </MissingDependency>
      <MissingDependency>
        <Required type="9" schemaName="cr61b_powerautomateusecases_cr61b_applicationscope" displayName="Application Scope" solution="PowerAutomateUseCases (1.1.0.1)" />
        <Dependent type="9" schemaName="cr61b_powerautomateusecases_cr61b_applicationscope" displayName="Application Scope" />
      </MissingDependency>
      <MissingDependency>
        <Required type="9" schemaName="cr61b_powerautomateusecases_cr61b_businesspurpose" displayName="Business Purpose" solution="PowerAutomateUseCases (1.1.0.1)" />
        <Dependent type="9" schemaName="cr61b_powerautomateusecases_cr61b_businesspurpose" displayName="Business Purpose" />
      </MissingDependency>
      <MissingDependency>
        <Required type="9" schemaName="cr61b_powerautomateusecases_cr61b_businessstrategy" displayName="Business Strategy" solution="PowerAutomateUseCases (1.1.0.1)" />
        <Dependent type="9" schemaName="cr61b_powerautomateusecases_cr61b_businessstrategy" displayName="Business Strategy" />
      </MissingDependency>
      <MissingDependency>
        <Required type="9" schemaName="cr61b_powerautomateusecases_cr61b_infrastructuredependency" displayName="Infrastructure Dependency" solution="PowerAutomateUseCases (1.1.0.1)" />
        <Dependent type="9" schemaName="cr61b_powerautomateusecases_cr61b_infrastructuredependency" displayName="Infrastructure Dependency" />
      </MissingDependency>
      <MissingDependency>
        <Required type="9" schemaName="cr61b_powerautomateusecases_statecode" displayName="Status" solution="PowerAutomateUseCases (1.1.0.1)" />
        <Dependent type="9" schemaName="cr61b_powerautomateusecases_statecode" displayName="Status" />
      </MissingDependency>
      <MissingDependency>
        <Required type="9" schemaName="cr61b_powerautomateusecases_statuscode" displayName="Status Reason" solution="PowerAutomateUseCases (1.1.0.1)" />
        <Dependent type="9" schemaName="cr61b_powerautomateusecases_statuscode" displayName="Status Reason" />
      </MissingDependency>
      <MissingDependency>
        <Required type="9" schemaName="cr61b_solutiontype" displayName="Solution Type" solution="PowerAutomateUseCases (1.1.0.1)" />
        <Dependent type="9" schemaName="cr61b_solutiontype" displayName="Solution Type" />
      </MissingDependency>
      <MissingDependency>
        <Required type="9" schemaName="cr7f1_masterdata_statecode" displayName="Status" solution="PowerAutomateUseCases (1.1.0.1)" />
        <Dependent type="9" schemaName="cr7f1_masterdata_statecode" displayName="Status" />
      </MissingDependency>
      <MissingDependency>
        <Required type="9" schemaName="cr7f1_masterdata_statuscode" displayName="Status Reason" solution="PowerAutomateUseCases (1.1.0.1)" />
        <Dependent type="9" schemaName="cr7f1_masterdata_statuscode" displayName="Status Reason" />
      </MissingDependency>
      <MissingDependency>
        <Required type="9" schemaName="mbaup_choice" displayName="Choice" solution="PowerAutomateUseCases (1.1.0.1)" />
        <Dependent type="9" schemaName="mbaup_choice" displayName="Choice" />
      </MissingDependency>
      <MissingDependency>
        <Required type="9" schemaName="mbaup_cr61b_powerautomateusecases_mbaup_commercialise" displayName="Commercialise" solution="PowerAutomateUseCases (1.1.0.1)" />
        <Dependent type="9" schemaName="mbaup_cr61b_powerautomateusecases_mbaup_commercialise" displayName="Commercialise" />
      </MissingDependency>
      <MissingDependency>
        <Required type="9" schemaName="mbaup_cr61b_powerautomateusecases_mbaup_compliance" displayName="Compliance" solution="PowerAutomateUseCases (1.1.0.1)" />
        <Dependent type="9" schemaName="mbaup_cr61b_powerautomateusecases_mbaup_compliance" displayName="Compliance" />
      </MissingDependency>
      <MissingDependency>
        <Required type="9" schemaName="mbaup_cr61b_powerautomateusecases_mbaup_submitusecase" displayName="Submit Use case" solution="PowerAutomateUseCases (1.1.0.1)" />
        <Dependent type="9" schemaName="mbaup_cr61b_powerautomateusecases_mbaup_submitusecase" displayName="Submit Use case" />
      </MissingDependency>
      <MissingDependency>
        <Required type="9" schemaName="mbaup_decision" displayName="Decision" solution="PowerAutomateUseCases (1.1.0.1)" />
        <Dependent type="9" schemaName="mbaup_decision" displayName="Decision" />
      </MissingDependency>
      <MissingDependency>
        <Required type="9" schemaName="mbaup_financialbenefits" displayName="Financial Benefits" solution="PowerAutomateUseCases (1.1.0.1)" />
        <Dependent type="9" schemaName="mbaup_financialbenefits" displayName="Financial Benefits" />
      </MissingDependency>
      <MissingDependency>
        <Required type="9" schemaName="mbaup_percentage" displayName="Percentage" solution="PowerAutomateUseCases (1.1.0.1)" />
        <Dependent type="9" schemaName="mbaup_percentage" displayName="Percentage" />
      </MissingDependency>
      <MissingDependency>
        <Required type="9" schemaName="mbaup_quantifiablemeasure" displayName="Quantifiable Measure" solution="PowerAutomateUseCases (1.1.0.1)" />
        <Dependent type="9" schemaName="mbaup_quantifiablemeasure" displayName="Quantifiable Measure" />
      </MissingDependency>
      <MissingDependency>
        <Required type="9" schemaName="mbaup_timesavings" displayName="Time Savings" solution="PowerAutomateUseCases (1.1.0.1)" />
        <Dependent type="9" schemaName="mbaup_timesavings" displayName="Time Savings" />
      </MissingDependency>
      <MissingDependency>
        <Required type="9" schemaName="mbaup_usecasereview_statecode" displayName="Status" solution="PowerAutomateUseCases (1.1.0.1)" />
        <Dependent type="9" schemaName="mbaup_usecasereview_statecode" displayName="Status" />
      </MissingDependency>
      <MissingDependency>
        <Required type="9" schemaName="mbaup_usecasereview_statuscode" displayName="Status Reason" solution="PowerAutomateUseCases (1.1.0.1)" />
        <Dependent type="9" schemaName="mbaup_usecasereview_statuscode" displayName="Status Reason" />
      </MissingDependency>
      <MissingDependency>
        <Required type="9" schemaName="msdyn_dataflowtemplatestate" displayName="Dataflow Template State" solution="msdyn_InsightsAppPlatform (1.0.3.99)">
          <package appName="InsightsAppPlatformApp Package" version="1.0.3.99">InsightsAppPlatformApp_Anchor (1.0.3.99)</package>
        </Required>
        <Dependent type="2" schemaName="mbaup_readiness" displayName="Readiness" parentSchemaName="cr61b_powerautomateusecases" parentDisplayName="Auto Mate" />
      </MissingDependency>
      <MissingDependency>
        <Required type="connectionreference" displayName="mbaup_AutomateDataverse" solution="PowerAutomateUseCases (1.1.0.1)" id.connectionreferencelogicalname="mbaup_AutomateDataverse" />
        <Dependent type="connectionreference" displayName="mbaup_AutomateDataverse" id.connectionreferencelogicalname="mbaup_AutomateDataverse" />
      </MissingDependency>
      <MissingDependency>
        <Required type="connectionreference" displayName="mbaup_AutomateO365" solution="PowerAutomateUseCases (1.1.0.1)" id.connectionreferencelogicalname="mbaup_AutomateO365" />
        <Dependent type="connectionreference" displayName="mbaup_AutomateO365" id.connectionreferencelogicalname="mbaup_AutomateO365" />
      </MissingDependency>
      <MissingDependency>
        <Required type="connectionreference" displayName="mbaup_AutomateOutlook" solution="PowerAutomateUseCases (1.1.0.1)" id.connectionreferencelogicalname="mbaup_AutomateOutlook" />
        <Dependent type="connectionreference" displayName="mbaup_AutomateOutlook" id.connectionreferencelogicalname="mbaup_AutomateOutlook" />
      </MissingDependency>
    </MissingDependencies>
  </SolutionManifest>
</ImportExportXml>