{
  "properties": {
    "connectionReferences": {
      "shared_commondataserviceforapps": {
        "impersonation": {},
        "runtimeSource": "embedded",
        "connection": {
          "connectionReferenceLogicalName": "mbaup_AutomateDataverse"
        },
        "api": {
          "name": "shared_commondataserviceforapps"
        }
      },
      "shared_office365users": {
        "runtimeSource": "embedded",
        "connection": {
          "connectionReferenceLogicalName": "mbaup_AutomateO365"
        },
        "api": {
          "name": "shared_office365users"
        }
      },
      "shared_office365": {
        "runtimeSource": "embedded",
        "connection": {
          "connectionReferenceLogicalName": "mbaup_AutomateOutlook"
        },
        "api": {
          "name": "shared_office365"
        }
      }
    },
    "definition": {
      "$schema": "https://schema.management.azure.com/providers/Microsoft.Logic/schemas/2016-06-01/workflowdefinition.json#",
      "contentVersion": "1.0.0.0",
      "parameters": {
        "$authentication": {
          "defaultValue": {},
          "type": "SecureObject"
        },
        "$connections": {
          "defaultValue": {},
          "type": "Object"
        }
      },
      "triggers": {
        "When_a_row_is_added,_modified_or_deleted": {
          "metadata": {
            "operationMetadataId": "736e9251-5215-4d31-aead-84033d827d14"
          },
          "type": "OpenApiConnectionWebhook",
          "inputs": {
            "parameters": {
              "subscriptionRequest/message": 1,
              "subscriptionRequest/entityname": "cr61b_powerautomateusecases",
              "subscriptionRequest/scope": 4
            },
            "host": {
              "apiId": "/providers/Microsoft.PowerApps/apis/shared_commondataserviceforapps",
              "connectionName": "shared_commondataserviceforapps",
              "operationId": "SubscribeWebhookTrigger"
            },
            "authentication": "@parameters('$authentication')"
          }
        }
      },
      "actions": {
        "Get_a_row_by_ID": {
          "runAfter": {},
          "metadata": {
            "operationMetadataId": "d7a7d101-fa24-4609-920f-163a83f45523"
          },
          "type": "OpenApiConnection",
          "inputs": {
            "parameters": {
              "entityName": "systemusers",
              "recordId": "@triggerOutputs()?['body/_ownerid_value']",
              "accept": "application/json;odata.metadata=minimal"
            },
            "host": {
              "apiId": "/providers/Microsoft.PowerApps/apis/shared_commondataserviceforapps",
              "connectionName": "shared_commondataserviceforapps",
              "operationId": "GetItem"
            },
            "authentication": "@parameters('$authentication')"
          }
        },
        "Get_user_profile_(V2)": {
          "runAfter": {
            "Get_a_row_by_ID": [
              "Succeeded"
            ]
          },
          "metadata": {
            "operationMetadataId": "bee36b3e-c2c3-45c8-925d-7d17bc893583"
          },
          "type": "OpenApiConnection",
          "inputs": {
            "parameters": {
              "id": "@outputs('Get_a_row_by_ID')?['body/domainname']"
            },
            "host": {
              "apiId": "/providers/Microsoft.PowerApps/apis/shared_office365users",
              "connectionName": "shared_office365users",
              "operationId": "UserProfile_V2"
            },
            "authentication": "@parameters('$authentication')"
          }
        },
        "Get_manager_(V2)": {
          "runAfter": {
            "Get_user_profile_(V2)": [
              "Succeeded"
            ]
          },
          "metadata": {
            "operationMetadataId": "923e205c-e92d-4e8d-b430-a362307f5a80"
          },
          "type": "OpenApiConnection",
          "inputs": {
            "parameters": {
              "id": "@outputs('Get_a_row_by_ID')?['body/domainname']"
            },
            "host": {
              "apiId": "/providers/Microsoft.PowerApps/apis/shared_office365users",
              "connectionName": "shared_office365users",
              "operationId": "Manager_V2"
            },
            "authentication": "@parameters('$authentication')"
          }
        },
        "Update_a_row": {
          "runAfter": {
            "Get_manager_(V2)": [
              "Succeeded"
            ]
          },
          "metadata": {
            "operationMetadataId": "aad7db7f-93f2-4125-baf4-5da0e73f305e"
          },
          "type": "OpenApiConnection",
          "inputs": {
            "parameters": {
              "entityName": "cr61b_powerautomateusecaseses",
              "recordId": "@triggerOutputs()?['body/cr61b_powerautomateusecasesid']",
              "item/cr61b_department": "@outputs('Get_user_profile_(V2)')?['body/department']",
              "item/cr7f1_email": "@outputs('Get_user_profile_(V2)')?['body/mail']",
              "item/cr61b_userphotourl": "@outputs('Get_manager_(V2)')?['body/displayName']",
              "accept": "application/json;odata.metadata=minimal"
            },
            "host": {
              "apiId": "/providers/Microsoft.PowerApps/apis/shared_commondataserviceforapps",
              "connectionName": "shared_commondataserviceforapps",
              "operationId": "UpdateOnlyRecord"
            },
            "authentication": "@parameters('$authentication')"
          }
        },
        "Send_an_email_(V2)": {
          "runAfter": {
            "Get_a_row_by_ID_1": [
              "Succeeded"
            ]
          },
          "metadata": {
            "operationMetadataId": "33e92008-8c9b-4dd6-a1d3-8193f476a3c0"
          },
          "type": "OpenApiConnection",
          "inputs": {
            "parameters": {
              "emailMessage/To": "@{outputs('Get_user_profile_(V2)')?['body/mail']}; annmary.joy@mercedes-benz.com",
              "emailMessage/Subject": "Thank You, Mate! Yor Idea #@{outputs('Get_a_row_by_ID_1')?['body/cr61b_newcolumn']} (in the queue) is now under evaluation! ",
              "emailMessage/Body": "<p class=\"editor-paragraph\">Dear @{outputs('Get_user_profile_(V2)')?['body/givenName']},<br><br>Thank you for your idea to bring business value to @{outputs('Get_a_row_by_ID_1')?['body/cr61b_businessstrategy@OData.Community.Display.V1.FormattedValue']} in @{outputs('Get_a_row_by_ID_1')?['body/cr61b_applicationscope@OData.Community.Display.V1.FormattedValue']}. Our Auto Mates (IT Team) are evaluating the ROI on this use case.<br><br>We will provide feedback with the evaluation results in next 2 weeks.<br><br>Best regards,<br>IT Team<br><br><i><em class=\"editor-text-italic\">Shaping the Future Together!</em></i></p>",
              "emailMessage/Importance": "Normal"
            },
            "host": {
              "apiId": "/providers/Microsoft.PowerApps/apis/shared_office365",
              "connectionName": "shared_office365",
              "operationId": "SendEmailV2"
            },
            "authentication": "@parameters('$authentication')"
          }
        },
        "Send_an_email_(V2)_1": {
          "runAfter": {
            "Send_an_email_(V2)": [
              "Succeeded"
            ]
          },
          "type": "OpenApiConnection",
          "inputs": {
            "parameters": {
              "emailMessage/To": "snehal.gawhale@mercedes-benz.com;annmary.joy@mercedes-benz.com",
              "emailMessage/Subject": "ROI Evaluation Request: @{outputs('Update_a_row')?['body/cr61b_usecasetitle']}",
              "emailMessage/Body": "<p class=\"editor-paragraph\">Dear IT team,<br><br>We have an idea submitted by @{outputs('Get_user_profile_(V2)')?['body/displayName']} with ID #@{outputs('Get_a_row_by_ID_1')?['body/cr61b_newcolumn']} for your review.</p><p class=\"editor-paragraph\">Below are the details of proposed use case:<br>1. Business Purpose: @{outputs('Get_a_row_by_ID_1')?['body/cr61b_businesspurpose@OData.Community.Display.V1.FormattedValue']}<br>2. Business Value: @{outputs('Get_a_row_by_ID_1')?['body/cr61b_businessstrategy@OData.Community.Display.V1.FormattedValue']}<br>3. Application Scope: @{outputs('Get_a_row_by_ID_1')?['body/cr61b_applicationscope@OData.Community.Display.V1.FormattedValue']}<br>4. Solution Scope: @{outputs('Get_a_row_by_ID_1')?['body/cr61b_solutiontype@OData.Community.Display.V1.FormattedValue']}</p><p class=\"editor-paragraph\">Best Regards,<br>AutoMate Team</p><br>",
              "emailMessage/Importance": "Normal"
            },
            "host": {
              "apiId": "/providers/Microsoft.PowerApps/apis/shared_office365",
              "connectionName": "shared_office365",
              "operationId": "SendEmailV2"
            },
            "authentication": "@parameters('$authentication')"
          }
        },
        "Get_a_row_by_ID_1": {
          "runAfter": {
            "Update_a_row": [
              "Succeeded"
            ]
          },
          "type": "OpenApiConnection",
          "inputs": {
            "parameters": {
              "entityName": "cr61b_powerautomateusecaseses",
              "recordId": "@outputs('Update_a_row')?['body/cr61b_powerautomateusecasesid']",
              "accept": "application/json;odata.metadata=minimal"
            },
            "host": {
              "apiId": "/providers/Microsoft.PowerApps/apis/shared_commondataserviceforapps",
              "connectionName": "shared_commondataserviceforapps",
              "operationId": "GetItem"
            },
            "authentication": "@parameters('$authentication')"
          }
        }
      },
      "outputs": {}
    },
    "templateName": null
  },
  "schemaVersion": "1.0.0.0"
}