{
  "properties": {
    "connectionReferences": {
      "shared_commondataserviceforapps": {
        "runtimeSource": "embedded",
        "connection": {
          "connectionReferenceLogicalName": "mbaup_AutomateDataverse"
        },
        "api": {
          "name": "shared_commondataserviceforapps"
        }
      },
      "shared_office365users": {
        "runtimeSource": "embedded",
        "connection": {
          "connectionReferenceLogicalName": "mbaup_AutomateO365"
        },
        "api": {
          "name": "shared_office365users"
        }
      },
      "shared_office365": {
        "runtimeSource": "embedded",
        "connection": {
          "connectionReferenceLogicalName": "mbaup_AutomateOutlook"
        },
        "api": {
          "name": "shared_office365"
        }
      }
    },
    "definition": {
      "$schema": "https://schema.management.azure.com/providers/Microsoft.Logic/schemas/2016-06-01/workflowdefinition.json#",
      "contentVersion": "1.0.0.0",
      "parameters": {
        "$connections": {
          "defaultValue": {},
          "type": "Object"
        },
        "$authentication": {
          "defaultValue": {},
          "type": "SecureObject"
        }
      },
      "triggers": {
        "When_a_row_is_added,_modified_or_deleted": {
          "metadata": {
            "operationMetadataId": "5910878c-806f-41a8-878d-6de34139fdc6"
          },
          "type": "OpenApiConnectionWebhook",
          "inputs": {
            "host": {
              "connectionName": "shared_commondataserviceforapps",
              "operationId": "SubscribeWebhookTrigger",
              "apiId": "/providers/Microsoft.PowerApps/apis/shared_commondataserviceforapps"
            },
            "parameters": {
              "subscriptionRequest/message": 4,
              "subscriptionRequest/entityname": "cr61b_powerautomateusecases",
              "subscriptionRequest/scope": 4,
              "subscriptionRequest/filteringattributes": "cr61b_decision"
            },
            "authentication": "@parameters('$authentication')"
          }
        }
      },
      "actions": {
        "Get_a_row_by_ID": {
          "runAfter": {},
          "metadata": {
            "operationMetadataId": "ef4c2874-6abc-4ff8-baae-acd3e38995f1"
          },
          "type": "OpenApiConnection",
          "inputs": {
            "host": {
              "connectionName": "shared_commondataserviceforapps",
              "operationId": "GetItem",
              "apiId": "/providers/Microsoft.PowerApps/apis/shared_commondataserviceforapps"
            },
            "parameters": {
              "entityName": "systemusers",
              "recordId": "@triggerOutputs()?['body/_ownerid_value']"
            },
            "authentication": "@parameters('$authentication')"
          }
        },
        "Get_user_profile_(V2)": {
          "runAfter": {
            "Get_a_row_by_ID": [
              "Succeeded"
            ]
          },
          "metadata": {
            "operationMetadataId": "2a6bbfaf-7b38-43d4-8dbf-434d9fc0ec3a"
          },
          "type": "OpenApiConnection",
          "inputs": {
            "host": {
              "connectionName": "shared_office365users",
              "operationId": "UserProfile_V2",
              "apiId": "/providers/Microsoft.PowerApps/apis/shared_office365users"
            },
            "parameters": {
              "id": "@outputs('Get_a_row_by_ID')?['body/domainname']"
            },
            "authentication": "@parameters('$authentication')"
          }
        },
        "Get_manager_(V2)": {
          "runAfter": {
            "Get_user_profile_(V2)": [
              "Succeeded"
            ]
          },
          "metadata": {
            "operationMetadataId": "153295d3-8ea5-4b3e-8a1a-59b79664b0d2"
          },
          "type": "OpenApiConnection",
          "inputs": {
            "host": {
              "connectionName": "shared_office365users",
              "operationId": "Manager_V2",
              "apiId": "/providers/Microsoft.PowerApps/apis/shared_office365users"
            },
            "parameters": {
              "id": "@outputs('Get_a_row_by_ID')?['body/domainname']"
            },
            "authentication": "@parameters('$authentication')"
          }
        },
        "Condition_Checking_for_Approval": {
          "actions": {
            "Send_an_email_(V2)_1": {
              "runAfter": {},
              "metadata": {
                "operationMetadataId": "14802fa6-7ae9-4240-b440-1d82aa284514"
              },
              "type": "OpenApiConnection",
              "inputs": {
                "host": {
                  "connectionName": "shared_office365",
                  "operationId": "SendEmailV2",
                  "apiId": "/providers/Microsoft.PowerApps/apis/shared_office365"
                },
                "parameters": {
                  "emailMessage/To": "@{outputs('Get_user_profile_(V2)')?['body/mail']}; annmary.joy@mercedes-benz.com",
                  "emailMessage/Subject": "Your Idea: @{triggerOutputs()?['body/cr61b_usecasetitle']} (#@{triggerOutputs()?['body/cr61b_newcolumn']}) is Approved ",
                  "emailMessage/Body": "<p class=\"editor-paragraph\">Dear @{outputs('Get_user_profile_(V2)')?['body/displayName']}<br><br>Your Idea with ID - @{triggerOutputs()?['body/cr61b_newcolumn']}: @{triggerOutputs()?['body/cr61b_usecasetitle']} has been conceptually accepted by ROI Evaluation team.<br><br>We will share an invitation to join our experimentation lab to brainstorm the use case further with potential timelines and capacity details.<br>What do we expect you to prepare befor Brainstorm Workshop:<br>1.<b><strong class=\"editor-text-bold\">Process Map</strong></b><br><b><strong class=\"editor-text-bold\">2.BRD</strong></b><br><b><strong class=\"editor-text-bold\">3.Task Captures</strong></b><br><br>Process Category: @{outputs('Get_a_row_by_ID_1')?['body/cr61b_applicationscope@OData.Community.Display.V1.FormattedValue']}<br><br>ROI Evaluation Result!<br>SaFe Agile Score: @{triggerOutputs()?['body/mbaup_costofdelay']}<br>Development Cost: @{outputs('Get_a_row_by_ID_1')?['body/cr61b_developmentcosts@OData.Community.Display.V1.FormattedValue']}<br>Business Value: @{outputs('Get_a_row_by_ID_1')?['body/cr61b_businessstrategy@OData.Community.Display.V1.FormattedValue']}<br><br>Thanks,<br>IT Team</p>",
                  "emailMessage/Importance": "Normal"
                },
                "authentication": "@parameters('$authentication')"
              }
            }
          },
          "runAfter": {
            "Compose": [
              "Succeeded"
            ]
          },
          "expression": {
            "and": [
              {
                "equals": [
                  "@triggerOutputs()?['body/cr61b_decision']",
                  725030001
                ]
              }
            ]
          },
          "metadata": {
            "operationMetadataId": "530ea540-9db1-4ea4-9cf8-c6958dbd85e9"
          },
          "type": "If"
        },
        "Compose": {
          "runAfter": {
            "Get_a_row_by_ID_1": [
              "Succeeded"
            ]
          },
          "metadata": {
            "operationMetadataId": "0fb179e6-3df9-45d2-968c-95905c2385bf"
          },
          "type": "Compose",
          "inputs": "@{triggerOutputs()?['body/cr61b_decision@OData.Community.Display.V1.FormattedValue']};@{triggerOutputs()?['body/cr61b_decision']}"
        },
        "Condition_Checking_for_On_hold": {
          "actions": {
            "Send_an_email_(V2)_2": {
              "runAfter": {},
              "metadata": {
                "operationMetadataId": "1669a05d-d115-475d-81b0-00d228997458"
              },
              "type": "OpenApiConnection",
              "inputs": {
                "host": {
                  "connectionName": "shared_office365",
                  "operationId": "SendEmailV2",
                  "apiId": "/providers/Microsoft.PowerApps/apis/shared_office365"
                },
                "parameters": {
                  "emailMessage/To": "@{outputs('Get_user_profile_(V2)')?['body/mail']}; annmary.joy@mercedes-benz.com",
                  "emailMessage/Subject": "Update on Your Idea Submission Idea: @{triggerOutputs()?['body/cr61b_usecasetitle']} (#@{triggerOutputs()?['body/cr61b_newcolumn']})",
                  "emailMessage/Body": "<p class=\"editor-paragraph\">Dear @{outputs('Get_user_profile_(V2)')?['body/displayName']}<br><br>Thank you for submitting your idea titled: @{triggerOutputs()?['body/cr61b_usecasetitle']} with ID @{triggerOutputs()?['body/cr61b_newcolumn']}<br><br>We would like to inform you that your idea is currently on hold following the review by the ROI Evaluation team.<br>We will reach out to you with further updates once the evaluation is complete and a decision has been made.<br><br>Process Category: @{outputs('Get_a_row_by_ID_1')?['body/cr61b_applicationscope@OData.Community.Display.V1.FormattedValue']}<br><br>ROI Evaluation Result!<br>SaFe Agile Score: @{triggerOutputs()?['body/mbaup_costofdelay']}<br>Development Cost: @{outputs('Get_a_row_by_ID_1')?['body/cr61b_developmentcosts@OData.Community.Display.V1.FormattedValue']}<br>Business Value: @{outputs('Get_a_row_by_ID_1')?['body/cr61b_businessstrategy@OData.Community.Display.V1.FormattedValue']}<br>Thank you for your patience and contribution.<br><br>Thanks,<br>IT Team</p><br>",
                  "emailMessage/Importance": "Normal"
                },
                "authentication": "@parameters('$authentication')"
              }
            }
          },
          "runAfter": {
            "Condition_Checking_for_Approval": [
              "Succeeded"
            ]
          },
          "expression": {
            "equals": [
              "Decison",
              725030002
            ]
          },
          "metadata": {
            "operationMetadataId": "9366b20e-ef03-49f8-8cca-ec3aab85a1ad"
          },
          "type": "If"
        },
        "Condition_Checking_Rejected": {
          "actions": {
            "Send_an_email_(V2)": {
              "runAfter": {},
              "metadata": {
                "operationMetadataId": "07bf6daf-b4c4-4a92-9341-fd5a412853fc"
              },
              "type": "OpenApiConnection",
              "inputs": {
                "host": {
                  "connectionName": "shared_office365",
                  "operationId": "SendEmailV2",
                  "apiId": "/providers/Microsoft.PowerApps/apis/shared_office365"
                },
                "parameters": {
                  "emailMessage/To": "@{outputs('Get_user_profile_(V2)')?['body/mail']}; annmary.joy@mercedes-benz.com",
                  "emailMessage/Subject": "Update on Your Idea Submission Idea: @{triggerOutputs()?['body/cr61b_newcolumn']} @{triggerOutputs()?['body/cr61b_usecasetitle']}",
                  "emailMessage/Body": "<p class=\"editor-paragraph\">Dear @{outputs('Get_user_profile_(V2)')?['body/displayName']}<br><br>Thank you for submitting your idea titled @{triggerOutputs()?['body/cr61b_newcolumn']}: @{triggerOutputs()?['body/cr61b_usecasetitle']}.<br><br>After careful evaluation by the ROI team, we regret to inform you that your idea has not been selected for implementation at this time.<br><br>We appreciate your effort and encourage you to continue contributing innovative ideas in the future.<br><br>Process Category: @{outputs('Get_a_row_by_ID_1')?['body/cr61b_applicationscope@OData.Community.Display.V1.FormattedValue']}<br><br>ROI Evaluation Result!<br>SaFe Agile Score: @{triggerOutputs()?['body/mbaup_costofdelay']}<br>Development Cost: @{outputs('Get_a_row_by_ID_1')?['body/cr61b_developmentcosts@OData.Community.Display.V1.FormattedValue']}<br>Business Value: @{outputs('Get_a_row_by_ID_1')?['body/cr61b_businessstrategy@OData.Community.Display.V1.FormattedValue']}<br><br>Thank you for your patience and contribution.<br><br>Thanks,<br>IT Team</p>",
                  "emailMessage/Importance": "Normal"
                },
                "authentication": "@parameters('$authentication')"
              }
            }
          },
          "runAfter": {
            "Condition_Checking_for_On_hold": [
              "Succeeded"
            ]
          },
          "expression": {
            "equals": [
              "@triggerOutputs()?['body/cr61b_decision']",
              725030003
            ]
          },
          "metadata": {
            "operationMetadataId": "28414d1b-4f1d-4106-a664-42373ddbfac0"
          },
          "type": "If"
        },
        "Get_a_row_by_ID_1": {
          "runAfter": {
            "Get_manager_(V2)": [
              "Succeeded"
            ]
          },
          "metadata": {
            "operationMetadataId": "1cc8e8b0-689f-4c13-9b01-79d9ab46778d"
          },
          "type": "OpenApiConnection",
          "inputs": {
            "host": {
              "connectionName": "shared_commondataserviceforapps",
              "operationId": "GetItem",
              "apiId": "/providers/Microsoft.PowerApps/apis/shared_commondataserviceforapps"
            },
            "parameters": {
              "entityName": "cr61b_powerautomateusecaseses",
              "recordId": "@triggerOutputs()?['body/cr61b_powerautomateusecasesid']"
            },
            "authentication": "@parameters('$authentication')"
          }
        }
      },
      "outputs": {}
    },
    "templateName": ""
  },
  "schemaVersion": "1.0.0.0"
}